0.4,0.1,0.3,0.00700565212043702,-0.00501154929845847,-0.00899843252373892
0.400210279953957,0.0998498034744741,0.299729926830925,0.00787721899758106,-0.00564361621431218,-0.0101187293381148
0.400420339127226,0.0996993070420925,0.299460094048576,0.00839795131698018,-0.00602585543238263,-0.0107885035594912
0.400630177519807,0.099548510702855,0.299190501652951,0.010491919629011,-0.00753981696187331,-0.0134796197812426
0.400839795131698,0.0993974144567617,0.298921149644051,0.0104808805945805,-0.00755481230466343,-0.0134676004449991
0.401049191962901,0.0992460183038127,0.298652038021876,0.0104698415601495,-0.00756980764745396,-0.013455581108755
0.401258368013416,0.0990943222440078,0.298383166786425,0.0104588025257196,-0.00758480299024394,-0.013443561772512
0.401467323283241,0.0989423262773471,0.2981145359377,0.0104477634912903,-0.00759979833303392,-0.013431542436268
0.401676057772378,0.0987900304038306,0.2978461454757,0.0104367244568593,-0.00761479367582446,-0.0134195231000245
0.401884571480827,0.0986374346234584,0.297577995400424,0.0104256854224294,-0.00762978901861444,-0.0134075037637804
0.402092864408587,0.0984845389362302,0.297310085711873,0.010414646388,-0.00764478436140456,-0.0133954844275369
0.402300936555658,0.0983313433421464,0.297042416410047,0.010403607353569,-0.0076597797041951,-0.0133834650912928
0.402508787922041,0.0981778478412066,0.296774987494946,0.0103925683191386,-0.00767477504698535,-0.0133714457550493
0.402716418507735,0.0980240524334111,0.29650779896657,0.0103815292847093,-0.0076897703897752,-0.0133594264188053
0.402923828312741,0.0978699571187598,0.296240850824919,0.0103704902502788,-0.00770476573256559,-0.0133474070825618
0.403131017337058,0.0977155618972527,0.295974143069993,0.0103594512158484,-0.00771976107535571,-0.0133353877463183
0.403337985580686,0.0975608667688898,0.295707675701791,0.0103484121814185,-0.00773475641814597,-0.0133233684100742
0.403544733043626,0.0974058717336711,0.295441448720315,0.010337373146988,-0.00774975176093609,-0.0133113490738312
0.403751259725877,0.0972505767915965,0.295175462125563,0.010326334112557,-0.00776474710372635,-0.0132993297375872
0.40395756562744,0.0970949819426662,0.294909715917536,0.0103152950781277,-0.00777974244651661,-0.0132873104013437
0.404163650748314,0.0969390871868801,0.294644210096234,0.0103042560436983,-0.00779473778930673,-0.0132752910650996
0.404369515088499,0.0967828925242381,0.294378944661657,0.0102932170092673,-0.00780973313209699,-0.0132632717288567
0.404575158647996,0.0966263979547404,0.294113919613805,0.0102821779748374,-0.00782472847488724,-0.013251252392612
0.404780581426804,0.0964696034783868,0.293849134952677,0.0102711389404075,-0.0078397238176775,-0.0132392330563685
0.404985783424923,0.0963125090951775,0.293584590678275,0.0102600999059765,-0.00785471916046776,-0.013227213720125
0.405190764642354,0.0961551148051123,0.293320286790597,0.0102490608715461,-0.00786971450325802,-0.0132151943838815
0.405395525079097,0.0959974206081914,0.293056223289644,0.0102380218371168,-0.00788470984604786,-0.0132031750476369
0.40560006473515,0.0958394265044146,0.292792400175417,0.0102269828026863,-0.00789970518883812,-0.0131911557113945
0.405804383610516,0.095681132493782,0.292528817447914,0.0102159437682564,-0.00791470053162838,-0.0131791363751504
0.406008481705192,0.0955225385762937,0.292265475107135,0.010204904733826,-0.00792969587441864,-0.0131671170389064
0.40621235901918,0.0953636447519495,0.292002373153082,0.0101938656993966,-0.00794469121720875,-0.0131550977026623
0.406416015552479,0.0952044510207495,0.291739511585754,0.0101828266649656,-0.00795968655999915,-0.0131430783664194
0.40661945130509,0.0950449573826937,0.29147689040515,0.0101717876305363,-0.00797468190278941,-0.0131310590301748
0.406822666277012,0.0948851638377821,0.291214509611272,0.0101607485961053,-0.00798967724557939,-0.0131190396939312
0.407025660468246,0.0947250703860147,0.290952369204118,0.0101497095616754,-0.00800467258836951,-0.0131070203576877
0.407228433878791,0.0945646770273915,0.290690469183689,0.0101386705272444,-0.00801966793115991,-0.0130950010214442
0.407430986508647,0.0944039837619125,0.290428809549985,0.010127631492815,-0.00803466327395017,-0.0130829816852002
0.407633318357815,0.0942429905895777,0.290167390303006,0.010116592458384,-0.00804965861674029,-0.0130709623489567
0.407835429426294,0.0940816975103871,0.289906211442752,0.0101055534239547,-0.0080646539595304,-0.0130589430127126
0.408037319714084,0.0939201045243407,0.289645272969222,0.0100945143895242,-0.00807964930232066,-0.0130469236764691
0.408238989221186,0.0937582116314385,0.289384574882418,0.0100834753550938,-0.00809464464511092,-0.0130349043402261
0.408440437947599,0.0935960188316805,0.289124117182338,0.0100724363206639,-0.00810963998790104,-0.0130228850039821
0.408641665893324,0.0934335261250666,0.288863899868983,0.0100613972862346,-0.00812463533069116,-0.013010865667738
0.40884267305836,0.093270733511597,0.288603922942353,0.0100503582518041,-0.00813963067348156,-0.0129988463314951
0.409043459442708,0.0931076409912716,0.288344186402448,0.0100393192173737,-0.00815462601627168,-0.0129868269952504
0.409244025046366,0.0929442485640904,0.288084690249268,0.0100282801829438,-0.00816962135906193,-0.0129748076590069
0.409444369869337,0.0927805562300533,0.287825434482813,0.0100172411485128,-0.00818461670185192,-0.0129627883227634
0.409644493911618,0.0926165639891604,0.287566419103083,0.0100062021140823,-0.00819961204464231,-0.0129507689865199
0.409844397173211,0.0924522718414118,0.287307644110077,0.00999516307965187,-0.00821460738743257,-0.0129387496502759
0.410044079654116,0.0922876797868074,0.287049109503796,0.00998412404522198,-0.00822960273022283,-0.0129267303140335
0.410243541354332,0.0921227878253471,0.286790815284241,0.00997308501079319,-0.00824459807301267,-0.0129147109777883
0.410442782273859,0.091957595957031,0.28653276145141,0.00996204597636219,-0.00825959341580321,-0.0129026916415448
0.410641802412698,0.0917921041818592,0.286274948005304,0.00995100694193285,-0.00827458875859333,-0.0128906723053018
0.410840601770848,0.0916263124998315,0.286017374945923,0.00993996790750296,-0.00828958410138331,-0.0128786529690583
0.411039180348309,0.091460220910948,0.285760042273266,0.00992892887307251,-0.00830457944417357,-0.0128666336328132
0.411237538145082,0.0912938294152088,0.285502949987335,0.00991788983864095,-0.0083195747869641,-0.0128546142965702
0.411435675161166,0.0911271380126137,0.285246098088128,0.00990685080421161,-0.00833457012975422,-0.0128425949603261
0.411633591396562,0.0909601467031628,0.284989486575647,0.00989581176978171,-0.00834956547254406,-0.0128305756240821
0.411831286851269,0.0907928554868561,0.28473311544989,0.00988477273535071,-0.00836456081533474,-0.0128185562878386
0.412028761525287,0.0906252643636936,0.284476984710858,0.00987373370092137,-0.00837955615812472,-0.0128065369515945
0.412226015418617,0.0904573733336753,0.284221094358551,0.00986269466649037,-0.00839455150091498,-0.0127945176153521
0.412423048531258,0.0902891823968012,0.283965444392969,0.00985165563206158,-0.00840954684370496,-0.0127824982791075
0.412619860863211,0.0901206915530713,0.283710034814112,0.00984061659762947,-0.00842454218649577,-0.012770478942864
0.412816452414475,0.0899519008024856,0.283454865621979,0.00982957756320069,-0.00843953752928547,-0.0127584596066199
0.41301282318505,0.089782810145044,0.283199936816572,0.00981853852876968,-0.00845453287207601,-0.012746440270377
0.413208973174937,0.0896134195807467,0.282945248397889,0.0098074994943409,-0.00846952821486585,-0.0127344209341318
0.413404902384135,0.0894437291095936,0.282690800365931,0.00979646045990878,-0.00848452355765639,-0.01272240159789
0.413600610812645,0.0892737387315847,0.282436592720698,0.00978542142548056,-0.00849951890044609,-0.0127103822616448
0.413796098460466,0.0891034484467199,0.28218262546219,0.009774382391049,-0.00851451424323663,-0.0126983629254024
0.413991365327598,0.0889328582549994,0.281928898590407,0.0097633433566191,-0.00852950958602661,-0.0126863435891583
0.414186411414042,0.0887619681564231,0.281675412105349,0.00975230432218865,-0.008544504928817,-0.0126743242529148
0.414381236719797,0.0885907781509909,0.281422166007015,0.00974126528776043,-0.00855950027160698,-0.0126623049166702
0.414575841244864,0.088419288238703,0.281169160295407,0.00973022625332887,-0.00857449561439738,-0.0126502855804278
0.414770224989242,0.0882474984195592,0.280916394970523,0.00971918721889897,-0.0085894909571875,-0.0126382662441832
0.414964387952931,0.0880754086935597,0.280663870032364,0.00970814818446908,-0.00860448629997776,-0.0126262469079397
0.415158330135932,0.0879030190607043,0.28041158548093,0.00969710915003863,-0.00861948164276788,-0.0126142275716962
0.415352051538244,0.0877303295209932,0.280159541316221,0.00968607011560707,-0.00863447698555828,-0.0126022082354527
0.415545552159868,0.0875573400744262,0.279907737538237,0.00967503108117773,-0.00864947232834853,-0.0125901888992086
0.415738832000803,0.0873840507210034,0.279656174146978,0.00966399204674728,-0.00866446767113879,-0.0125781695629645
0.415931891061049,0.0872104614607248,0.279404851142444,0.00965295301231794,-0.00867946301392877,-0.0125661502267205
0.416124729340607,0.0870365722935905,0.279153768524634,0.00964191397788694,-0.00869445835671917,-0.012554130890477
0.416317346839476,0.0868623832196003,0.278902926293549,0.00963087494345816,-0.00870945369950915,-0.0125421115542335
0.416509743557656,0.0866878942387543,0.27865232444919,0.0096198359090266,-0.00872444904229941,-0.01253009221799
0.416701919495148,0.0865131053510525,0.278401962991555,0.00960879687459726,-0.00873944438508953,-0.0125180728817464
0.416893874651952,0.0863380165564949,0.278151841920645,0.0095977578401657,-0.00875443972788006,-0.012506053545504
0.417085609028066,0.0861626278550815,0.277901961236459,0.00958671880573692,-0.00876943507067005,-0.0124940342092594
0.417277122623492,0.0859869392468123,0.277652320938999,0.00957567977130536,-0.00878443041346044,-0.0124820148730154
0.41746841543823,0.0858109507316873,0.277402921028264,0.00956464073687602,-0.00879942575625042,-0.0124699955367719
0.417659487472279,0.0856346623097065,0.277153761504253,0.00955360170244557,-0.00881442109904068,-0.0124579762005278
0.417850338725639,0.0854580739808699,0.276904842366967,0.00954256266801623,-0.0088294164418308,-0.0124459568642837
0.418040969198311,0.0852811857451774,0.276656163616407,0.00953152363358578,-0.00884441178462092,-0.0124339375280408
0.418231378890294,0.0851039976026292,0.276407725252571,0.00952048459915589,-0.00885940712741118,-0.0124219181917967
0.418421567801589,0.0849265095532252,0.27615952727546,0.00950944556472488,-0.00887440247020158,-0.0124098988555532
0.418611535932194,0.0847487215969653,0.275911569685073,0.00949840653029499,-0.00888939781299183,-0.0123978795193097
0.418801283282112,0.0845706337338497,0.275663852481412,0.00948736749586454,-0.00890439315578195,-0.0123858601830651
0.41899080985134,0.0843922459638782,0.275416375664476,0.00947632846143465,-0.00891938849857221,-0.0123738408468216
0.419180115639881,0.084213558287051,0.275169139234264,0.0094652894270042,-0.00893438384136247,-0.0123618215105781
0.419369200647732,0.084034570703368,0.274922143190777,0.0094542503925743,-0.00894937918415245,-0.0123498021743346
0.419558064874895,0.0838552832128291,0.274675387534016,0.00944321135814497,-0.00896437452694257,-0.0123377828380905
0.419746708321369,0.0836756958154345,0.274428872263979,0.00943217232371452,-0.00897936986973297,-0.012325763501847
0.419935130987155,0.083495808511184,0.274182597380667,0.00942113328928351,-0.00899436521252323,-0.0123137441656029
0.420123332872252,0.0833156213000777,0.273936562884079,0.00941009425485362,-0.00900936055531334,-0.01230172482936
0.42031131397666,0.0831351341821156,0.273690768774217,0.00939905522042428,-0.0090243558981036,-0.0122897054931154
0.42049907430038,0.0829543471572978,0.27344521505108,0.00938801618599272,-0.00903935124089386,-0.0122776861568724
0.420686613843412,0.0827732602256241,0.273199901714667,0.00937697715156338,-0.00905434658368384,-0.0122656668206289
0.420873932605754,0.0825918733870946,0.272954828764979,0.00936593811713349,-0.0090693419264741,-0.0122536474843848
0.421061030587408,0.0824101866417093,0.272709996202016,0.00935489908270304,-0.00908433726926422,-0.0122416281481408
0.421247907788374,0.0822281999894682,0.272465404025779,0.00934386004827314,-0.00909933261205448,-0.0122296088118978
0.421434564208651,0.0820459134303713,0.272221052236265,0.0093328210138427,-0.00911432795484488,-0.0122175894756532
0.421620999848239,0.0818633269644186,0.271976940833477,0.00932178197941225,-0.00912932329763499,-0.0122055701394103
0.421807214707138,0.0816804405916101,0.271733069817414,0.0093107429449818,-0.00914431864042525,-0.0121935508031668
0.42199320878535,0.0814972543119458,0.271489439188075,0.00929970391055246,-0.00915931398321537,-0.0121815314669227
0.422178982082872,0.0813137681254257,0.271246048945462,0.0092886648761209,-0.00917430932600563,-0.0121695121306786
0.422364534599706,0.0811299820320498,0.271002899089573,0.00927762584169212,-0.00918930466879547,-0.0121574927944357
0.422549866335851,0.0809458960318181,0.270759989620409,0.00926658680726111,-0.00920430001158601,-0.0121454734581916
0.422734977291308,0.0807615101247306,0.27051732053797,0.00925554777283122,-0.00921929535437613,-0.0121334541219481
0.422919867466076,0.0805768243107872,0.270274891842256,0.00924450873840077,-0.00923429069716639,-0.0121214347857046
0.423104536860155,0.0803918385899881,0.270032703533267,0.00923346970397088,-0.00924928603995664,-0.0121094154494611
0.423288985473546,0.0802065529623332,0.269790755611003,0.00922243066954043,-0.0092642813827469,-0.012097396113217
0.423473213306248,0.0800209674278224,0.269549048075463,0.00921139163511053,-0.00927927672553716,-0.012085376776973
0.423657220358262,0.0798350819864559,0.269307580926649,0.00920035260068064,-0.00929427206832728,-0.0120733574407295
0.423841006629587,0.0796488966382335,0.269066354164559,0.00918931356624964,-0.0093092674111174,-0.012061338104486
0.424024572120223,0.0794624113831554,0.268825367789194,0.00917827453181974,-0.00932426275390766,-0.0120493187682419
0.424207916830171,0.0792756262212214,0.268584621800554,0.00916723549738929,-0.00933925809669792,-0.0120372994319984
0.42439104075943,0.0790885411524316,0.268344116198639,0.0091561964629594,-0.00935425343948804,-0.0120252800957549
0.424573943908001,0.0789011561767861,0.268103850983449,0.00914515742852895,-0.00936924878227829,-0.0120132607595108
0.424756626275883,0.0787134712942847,0.267863826154983,0.00913411839409961,-0.00938424412506855,-0.0120012414232668
0.424939087863076,0.0785254865049275,0.267624041713243,0.00912307935966972,-0.00939923946785867,-0.0119892220870232
0.425121328669581,0.0783372018087146,0.267384497658227,0.00911204032523982,-0.00941423481064879,-0.0119772027507792
0.425303348695397,0.0781486172056458,0.267145193989937,0.00910100129080882,-0.00942923015343891,-0.0119651834145357
0.425485147940525,0.0779597326957212,0.266906130708371,0.00908996225637948,-0.00944422549622917,-0.0119531640782922
0.425666726404964,0.0777705482789408,0.26666730781353,0.00907892322194848,-0.00945922083901957,-0.0119411447420487
0.425848084088714,0.0775810639553046,0.266428725305414,0.00906788418751803,-0.00947421618180982,-0.0119291254058046
0.426029220991776,0.0773912797248126,0.266190383184023,0.00905684515308758,-0.00948921152459994,-0.0119171060695616
0.426210137114149,0.0772011955874648,0.265952281449356,0.00904580611865768,-0.0095042068673902,-0.0119050867333176
0.426390832455833,0.0770108115432612,0.265714420101415,0.00903476708422779,-0.00951920221018046,-0.0118930673970735
0.426571307016829,0.0768201275922018,0.265476799140198,0.00902372804979734,-0.00953419755297058,-0.01188104806083
0.426751560797137,0.0766291437342866,0.265239418565706,0.009012689015368,-0.00954919289576056,-0.0118690287245865
0.426931593796755,0.0764378599695155,0.26500227837794,0.009001649980937,-0.0095641882385511,-0.0118570093883424
0.427111406015686,0.0762462762978887,0.264765378576898,0.00899061094650822,-0.00957918358134094,-0.0118449900520984
0.427290997453927,0.0760543927194061,0.264528719162581,0.0089795719120761,-0.00959417892413134,-0.011832970715856
0.42747036811148,0.0758622092340677,0.264292300134988,0.00896853287764787,-0.00960917426692132,-0.0118209513796114
0.427649517988344,0.0756697258418734,0.264056121494121,0.00895749384321576,-0.00962416960971185,-0.0118089320433679
0.42782844708452,0.0754769425428234,0.263820183239978,0.00894645480878642,-0.00963916495250183,-0.0117969127071244
0.428007155400007,0.0752838593369176,0.263584485372561,0.00893541577435542,-0.00965416029529223,-0.0117848933708808
0.428185642934806,0.0750904762241559,0.263349027891868,0.00892437673992663,-0.00966915563808221,-0.0117728740346368
0.428363909688916,0.0748967932045385,0.2631138107979,0.00891333770549563,-0.00968415098087261,-0.0117608546983933
0.428541955662337,0.0747028102780652,0.262878834090657,0.00890229867106629,-0.00969914632366273,-0.0117488353621498
0.42871978085507,0.0745085274447362,0.262644097770139,0.00889125963663584,-0.00971414166645299,-0.0117368160259052
0.428897385267114,0.0743139447045513,0.262409601836346,0.00888022060220539,-0.00972913700924324,-0.0117247966896622
0.429074768898469,0.0741190620575106,0.262175346289278,0.0088691815677755,-0.00974413235203336,-0.0117127773534176
0.429251931749136,0.0739238795036141,0.261941331128934,0.00885814253334449,-0.00975912769482362,-0.0117007580171741
0.429428873819115,0.0737283970428619,0.261707556355315,0.0088471034989146,-0.00977412303761374,-0.0116887386809311
0.429605595108404,0.0735326146752538,0.261474021968422,0.00883606446448471,-0.009789118380404,-0.0116767193446871
0.429782095617005,0.0733365324007899,0.261240727968253,0.00882502543005481,-0.00980411372319412,-0.011664700008443
0.429958375344918,0.0731401502194702,0.261007674354809,0.00881398639562436,-0.00981910906598438,-0.0116526806722
0.430134434292142,0.0729434681312947,0.26077486112809,0.00880294736119447,-0.0098341044087745,-0.0116406613359565
0.430310272458677,0.0727464861362634,0.260542288288095,0.00879190832676513,-0.00984909975156462,-0.0116286419997119
0.430485889844524,0.0725492042343763,0.260309955834826,0.00878086929233357,-0.00986409509435487,-0.011616622663469
0.430661286449682,0.0723516224256334,0.260077863768282,0.00876983025790423,-0.00987909043714513,-0.0116046033272255
0.430836462274151,0.0721537407100347,0.259846012088462,0.00875879122347378,-0.00989408577993539,-0.0115925839909808
0.431011417317932,0.0719555590875802,0.259614400795367,0.00874775218904389,-0.00990908112272551,-0.0115805646547373
0.431186151581024,0.0717570775582699,0.259383029888997,0.00873671315461289,-0.00992407646551591,-0.0115685453184933
0.431360665063428,0.0715582961221038,0.259151899369352,0.0087256741201841,-0.00993907180830603,-0.0115565259822503
0.431534957765143,0.0713592147790819,0.258921009236432,0.00871463508575254,-0.00995406715109615,-0.0115445066460057
0.43170902968617,0.0711598335292041,0.258690359490237,0.00870359605132209,-0.0099690624938864,-0.0115324873097633
0.431882880826507,0.0709601523724706,0.258459950130767,0.00869255701689331,-0.00998405783667652,-0.0115204679735181
0.432056511186157,0.0707601713088813,0.258229781158021,0.0086815179824612,-0.00999905317946692,-0.0115084486372752
0.432229920765117,0.0705598903384361,0.257999852572001,0.00867047894803241,-0.0100140485222569,-0.0114964293010311
0.432403109563389,0.0703593094611352,0.257770164372705,0.00865943991360141,-0.0100290438650473,-0.0114844099647887
0.432576077580973,0.0701584286769784,0.257540716560134,0.00864840087917207,-0.0100440392078374,-0.011472390628543
0.432748824817867,0.0699572479859659,0.257311509134288,0.00863736184473995,-0.010059034550628,-0.0114603712923012
0.432921351274074,0.0697557673880975,0.257082542095167,0.00862632281031284,-0.0100740298934175,-0.0114483519560565
0.433093656949591,0.0695539868833733,0.25685381544277,0.00861528377588017,-0.0100890252362083,-0.011436332619813
0.43326574184442,0.0693519064717934,0.256625329177099,0.00860424474145305,-0.010104020578998,-0.0114243132835679
0.433437605958561,0.0691495261533576,0.256397083298153,0.00859320570702093,-0.0101190159217886,-0.011412293947326
0.433609249292013,0.0689468459280661,0.256169077805931,0.00858216667259215,-0.0101340112645784,-0.011400274611082
0.433780671844776,0.0687438657959187,0.255941312700434,0.00857112763815948,-0.0101490066073692,-0.011388255274839
0.433951873616851,0.0685405857569155,0.255713787981662,0.00856008860373125,-0.0101640019501588,-0.0113762359385944
0.434122854608236,0.0683370058110565,0.255486503649615,0.00854904956929914,-0.0101789972929495,-0.0113642166023514
0.434293614818934,0.0681331259583417,0.255259459704293,0.00853801053487091,-0.0101939926357393,-0.0113521972661068
0.434464154248943,0.0679289461987711,0.255032656145696,0.0085269715004388,-0.01020898797853,-0.0113401779298633
0.434634472898263,0.0677244665323447,0.254806092973823,0.00851593246601057,-0.0102239833213197,-0.0113281585936187
0.434804570766894,0.0675196869590625,0.254579770188676,0.00850489343157901,-0.0102389786641104,-0.0113161392573763
0.434974447854837,0.0673146074789245,0.254353687790253,0.00849385439714967,-0.0102539740069002,-0.0113041199211322
0.435144104162092,0.0671092280919307,0.254127845778555,0.00848281536271867,-0.0102689693496906,-0.0112921005848893
0.435313539688658,0.0669035487980811,0.253902244153583,0.00847177632828988,-0.0102839646924804,-0.0112800812486447
0.435482754434535,0.0666975695973757,0.253676882915335,0.00846073729385832,-0.0102989600352711,-0.0112680619124017
0.435651748399723,0.0664912904898145,0.253451762063811,0.00844969825943009,-0.0103139553780608,-0.0112560425761571
0.435820521584223,0.0662847114753974,0.253226881599013,0.00843865922499798,-0.0103289507208516,-0.0112440232399141
0.435989073988035,0.0660778325541246,0.25300224152094,0.0084276201905692,-0.0103439460636415,-0.011232003903669
0.436157405611157,0.0658706537259959,0.252777841829591,0.00841658115613708,-0.010358941406432,-0.0112199845674266
0.436325516453592,0.0656631749910115,0.252553682524968,0.00840554212170941,-0.0103739367492217,-0.0112079652311819
0.436493406515337,0.0654553963491713,0.252329763607069,0.00839450308727618,-0.0103889320920125,-0.0111959458949396
0.436661075796394,0.0652473178004752,0.252106085075895,0.00838346405284851,-0.0104039274348021,-0.0111839265586944
0.436828524296762,0.0650389393449234,0.251882646931446,0.0083724250184164,-0.0104189227775926,-0.0111719072224531
0.436995752016442,0.0648302609825157,0.251659449173722,0.00836138598398872,-0.0104339181203825,-0.0111598878862074
0.437162758955433,0.0646212827132523,0.251436491802722,0.00835034694955605,-0.0104489134631733,-0.011147868549965
0.437329545113736,0.064412004537133,0.251213774818448,0.00833930791512894,-0.0104639088059628,-0.0111358492137198
0.43749611049135,0.0642024264541579,0.250991298220898,0.00832826888069627,-0.0104789041487535,-0.011123829877478
0.437662455088275,0.0639925484643271,0.250769062010074,0.00831722984626804,-0.0104938994915434,-0.0111118105412322
0.437828578904512,0.0637823705676404,0.250547066185974,0.00830619081183537,-0.0105088948343339,-0.0110997912049898
0.43799448194006,0.0635718927640979,0.250325310748599,0.00829515177740714,-0.0105238901771237,-0.0110877718687449
0.43816016419492,0.0633611150536996,0.250103795697949,0.00828411274297502,-0.0105388855199141,-0.0110757525325017
0.438325625669091,0.0631500374364455,0.249882521034024,0.00827307370854735,-0.0105538808627041,-0.0110637331962574
0.438490866362573,0.0629386599123357,0.249661486756824,0.00826203467411524,-0.0105688762054948,-0.0110517138600141
0.438655886275367,0.06272698248137,0.249440692866348,0.00825099563968645,-0.0105838715482848,-0.0110396945237703
0.438820685407472,0.0625150051435484,0.249220139362598,0.00823995660525489,-0.010598866891075,-0.0110276751875271
0.438985263758888,0.0623027278988711,0.248999826245572,0.00822891757082611,-0.0106138622338652,-0.0110156558512831
0.439149621329616,0.062090150747338,0.248779753515271,0.00821787853639455,-0.0106288575766555,-0.0110036365150398
0.439313758119655,0.0618772736889491,0.248559921171695,0.00820683950196521,-0.0106438529194455,-0.0109916171787958
0.439477674129006,0.0616640967237044,0.248340329214844,0.00819580046753476,-0.0106588482622357,-0.0109795978425523
0.439641369357668,0.0614506198516039,0.248120977644718,0.00818476143310543,-0.010673843605026,-0.010967578506309
0.439804843805642,0.0612368430726476,0.247901866461317,0.00817372239867331,-0.0106888389478164,-0.0109555591700658
0.439968097472927,0.0610227663868354,0.24768299566464,0.00816268336424453,-0.0107038342906065,-0.0109435398338209
0.440131130359523,0.0608083897941675,0.247464365254689,0.00815164432981352,-0.0107188296333968,-0.010931520497578
0.440293942465431,0.0605937132946438,0.247245975231462,0.00814060529538418,-0.0107338249761868,-0.0109195011613336
0.44045653379065,0.0603787368882642,0.24702782559496,0.00812956626095374,-0.010748820318977,-0.0109074818250895
0.44061890433518,0.0601634605750289,0.246809916345183,0.0081185272265244,-0.0107638156617672,-0.010895462488846
0.440781054099022,0.0599478843549377,0.246592247482131,0.00810748819209339,-0.0107788110045575,-0.0108834431526025
0.440942983082175,0.0597320082279908,0.246374819005804,0.00809644915766405,-0.0107938063473475,-0.0108714238163587
0.44110469128464,0.059515832194188,0.246157630916202,0.00808541012323305,-0.010808801690138,-0.0108594044801152
0.441266178706416,0.0592993562535295,0.245940683213324,0.00807437108880316,-0.0108237970329279,-0.0108473851438717
0.441427445347503,0.0590825804060151,0.245723975897172,0.00806333205437326,-0.0108387923757182,-0.0108353658076274
0.441588491207902,0.0588655046516449,0.245507508967744,0.00805229301994226,-0.0108537877185085,-0.0108233464713842
0.441749316287613,0.058648128990419,0.245291282425041,0.00804125398551181,-0.0108687830612988,-0.0108113271351407
0.441909920586634,0.0584304534223372,0.245075296269063,0.00803021495108303,-0.0108837784040889,-0.0107993077988969
0.442070304104967,0.0582124779473996,0.24485955049981,0.00801917591665091,-0.0108987737468793,-0.0107872884626534
0.442230466842612,0.0579942025656062,0.244644045117282,0.00800813688222157,-0.0109137690896694,-0.0107752691264096
0.442390408799567,0.057775627276957,0.244428780121479,0.00799709784779168,-0.0109287644324595,-0.0107632497901658
0.442550129975835,0.057556752081452,0.2442137555124,0.00798605881336123,-0.0109437597752497,-0.010751230453922
0.442709630371413,0.0573375769790912,0.243998971290047,0.00797501977893078,-0.0109587551180398,-0.0107392111176782
0.442868909986303,0.0571181019698746,0.243784427454418,0.007963980744502,-0.01097375046083,-0.0107271917814342
0.443027968820505,0.0568983270538022,0.243570124005514,0.00795294171007044,-0.0109887458036202,-0.0107151724451909
0.443186806874018,0.056678252230874,0.243356060943335,0.00794190267563999,-0.0110037411464105,-0.0107031531089471
0.443345424146842,0.05645787750109,0.243142238267881,0.00793086364121121,-0.0110187364892007,-0.0106911337727028
0.443503820638977,0.0562372028644502,0.242928655979152,0.0079198246067802,-0.011033731831991,-0.0106791144364599
0.443661996350424,0.0560162283209546,0.242715314077148,0.00790878557235031,-0.0110487271747813,-0.0106670951002164
0.443819951281183,0.0557949538706031,0.242502212561868,0.00789774653792041,-0.0110637225175714,-0.0106550757639723
0.443977685431253,0.0555733795133959,0.242289351433314,0.00788670750349163,-0.0110787178603614,-0.0106430564277282
0.444135198800634,0.0553515052493329,0.242076730691484,0.00787566846905841,-0.011093713203152,-0.0106310370914856
0.444292491389326,0.055129331078414,0.241864350336379,0.00786462943463018,-0.0111087085459419,-0.0106190177552409
0.44444956319733,0.0549068570006394,0.241652210367999,0.00785359040019973,-0.011123703888732,-0.0106069984189971
0.444606414224646,0.0546840830160089,0.241440310786344,0.00784255136576928,-0.0111386992315224,-0.0105949790827536
0.444763044471273,0.0544610091245227,0.241228651591414,0.00783151233133772,-0.0111536945743126,-0.0105829597465104
0.444919453937211,0.0542376353261806,0.241017232783209,0.00782047329691005,-0.0111686899171028,-0.0105709404102661
0.44507564262246,0.0540139616209828,0.240806054361728,0.00780943426247793,-0.0111836852598931,-0.0105589210740228
0.445231610527021,0.0537899880089291,0.240595116326973,0.00779839522804804,-0.0111986806026832,-0.0105469017377788
0.445387357650894,0.0535657144900196,0.240384418678942,0.00778735619361814,-0.0112136759454734,-0.0105348824015356
0.445542883994077,0.0533411410642544,0.240173961417636,0.00777631715918825,-0.0112286712882635,-0.0105228630652918
0.445698189556573,0.0531162677316333,0.239963744543055,0.0077652781247578,-0.0112436666310537,-0.0105108437290477
0.445853274338379,0.0528910944921564,0.239753768055199,0.00775423909032791,-0.011258661973844,-0.0104988243928042
0.446008138339497,0.0526656213458237,0.239544031954068,0.00774320005589801,-0.0112736573166343,-0.0104868050565607
0.446162781559926,0.0524398482926352,0.239334536239662,0.00773216102146757,-0.0112886526594244,-0.0104747857203163
0.446317203999667,0.0522137753325909,0.23912528091198,0.00772112198703767,-0.0113036480022146,-0.0104627663840728
0.446471405658719,0.0519874024656908,0.238916265971024,0.00771008295260778,-0.0113186433450049,-0.0104507470478293
0.446625386537083,0.0517607296919349,0.238707491416792,0.00769904391817677,-0.0113336386877949,-0.0104387277115855
0.446779146634758,0.0515337570113232,0.238498957249285,0.00768800488374632,-0.0113486340305852,-0.0104267083753418
0.446932685951744,0.0513064844238557,0.238290663468503,0.00767696584931699,-0.0113636293733754,-0.0104146890390983
0.447086004488042,0.0510789119295324,0.238082610074446,0.00766592681488654,-0.0113786247161658,-0.0104026697028542
0.447239102243651,0.0508510395283533,0.237874797067114,0.00765488778045609,-0.0113936200589557,-0.010390650366611
0.447391979218571,0.0506228672203184,0.237667224446506,0.00764384874602675,-0.0114086154017461,-0.0103786310303669
0.447544635412803,0.0503943950054277,0.237459892212624,0.0076328097115963,-0.0114236107445363,-0.0103666116941234
0.447697070826347,0.0501656228836811,0.237252800365466,0.00762177067716585,-0.0114386060873264,-0.0103545923578799
0.447849285459201,0.0499365508550788,0.237045948905034,0.00761073164273596,-0.0114536014301166,-0.0103425730216364
0.448001279311368,0.0497071789196206,0.236839337831326,0.00759969260830551,-0.011468596772907,-0.0103305536853923
0.448153052382845,0.0494775070773067,0.236632967144343,0.00758865357387561,-0.0114835921156971,-0.0103185343491491
0.448304604673634,0.049247535328137,0.236426836844085,0.00757761453944517,-0.0114985874584873,-0.0103065150129047
0.448455936183734,0.0490172636721114,0.236220946930551,0.00756657550501472,-0.0115135828012775,-0.0102944956766612
0.448607046913146,0.04878669210923,0.236015297403743,0.00755553647058427,-0.0115285781440677,-0.0102824763404175
0.448757936861869,0.0485558206394929,0.23580988826366,0.00754449743615493,-0.0115435734868578,-0.0102704570041734
0.448908606029904,0.0483246492628999,0.235604719510301,0.00753345840172448,-0.0115585688296481,-0.0102584376679299
0.449059054417249,0.0480931779794512,0.235399791143667,0.00752241936729459,-0.0115735641724382,-0.0102464183316867
0.449209282023907,0.0478614067891466,0.235195103163758,0.00751138033286414,-0.0115885595152284,-0.0102343989954423
0.449359288849875,0.0476293356919862,0.234990655570574,0.00750034129843424,-0.0116035548580187,-0.0102223796591988
0.449509074895155,0.0473969646879701,0.234786448364115,0.00748930226400379,-0.0116185502008089,-0.0102103603229553
0.449658640159747,0.0471642937770981,0.234582481544381,0.00747826322957279,-0.0116335455435992,-0.0101983409867112
0.44980798464365,0.0469313229593703,0.234378755111372,0.00746722419514345,-0.0116485408863893,-0.0101863216504677
0.449957108346864,0.0466980522347867,0.234175269065087,0.00745618516071356,-0.0116635362291796,-0.0101743023142245
0.45010601126939,0.0464644816033473,0.233972023405528,0.00744514612628366,-0.0116785315719696,-0.0101622829779802
0.450254693411227,0.0462306110650521,0.233769018132693,0.0074341070918521,-0.0116935269147599,-0.0101502636417369
0.450403154772375,0.0459964406199011,0.233566253246583,0.00742306805742332,-0.0117085222575501,-0.0101382443054934
0.450551395352835,0.0457619702678943,0.233363728747198,0.00741202902299176,-0.0117235176003403,-0.0101262249692494
0.450699415152606,0.0455272000090317,0.233161444634538,0.00740098998856187,-0.0117385129431306,-0.0101142056330056
0.450847214171689,0.0452921298433133,0.232959400908603,0.00738995095413086,-0.0117535082859208,-0.0101021862967626
0.450994792410083,0.045056759770739,0.232757597569392,0.00737891191970264,-0.011768503628711,-0.010090166960518
0.451142149867788,0.044821089791309,0.232556034616907,0.00736787288527163,-0.011783498971501,-0.0100781476242742
0.451289286544805,0.0445851199050232,0.232354712051146,0.00735683385084285,-0.0117984943142914,-0.0100661282880304
0.451436202441134,0.0443488501118816,0.232153629872111,0.00734579481641129,-0.0118134896570814,-0.0100541089517869
0.451582897556773,0.0441122804118841,0.2319527880798,0.00733475578198195,-0.0118284849998718,-0.0100420896155431
0.451729371891724,0.0438754108050309,0.231752186674214,0.00732371674755039,-0.011843480342662,-0.0100300702792999
0.451875625445987,0.0436382412913218,0.231551825655353,0.00731267771312161,-0.0118584756854523,-0.0100180509430559
0.45202165821956,0.043400771870757,0.231351705023216,0.00730163867868949,-0.0118734710282424,-0.0100060316068132
0.452167470212446,0.0431630025433363,0.231151824777805,0.00729059964426126,-0.0118884663710327,-0.00999401227056856
0.452313061424642,0.0429249333090599,0.230952184919118,0.00727956060983026,-0.0119034617138228,-0.0099819929343245
0.45245843185615,0.0426865641679276,0.230752785447157,0.00726852157540037,-0.011918457056613,-0.00996997359808099
0.45260358150697,0.0424478951199396,0.23055362636192,0.00725748254096936,-0.0119334523994032,-0.00995795426183804
0.4527485103771,0.0422089261650957,0.230354707663408,0.00724644350654058,-0.0119484477421935,-0.00994593492559315
0.452893218466543,0.041969657303396,0.230156029351621,0.00723540447210902,-0.0119634430849837,-0.00993391558934992
0.453037705775296,0.0417300885348405,0.229957591426559,0.00722436543768024,-0.0119784384277738,-0.00992189625310641
0.453181972303361,0.0414902198594293,0.229759393888222,0.00721332640324979,-0.011993433770564,-0.0099098769168629
0.453326018050738,0.0412500512771622,0.229561436736609,0.00720228736881934,-0.0120084291133543,-0.00989785758061829
0.453469843017425,0.0410095827880393,0.229363719971722,0.00719124833438944,-0.0120234244561444,-0.00988583824437533
0.453613447203425,0.0407688143920606,0.229166243593559,0.00718020929996011,-0.0120384197989346,-0.00987381890813155
0.453756830608735,0.0405277460892261,0.228969007602122,0.00716917026552799,-0.0120534151417247,-0.00986179957188776
0.453899993233357,0.0402863778795358,0.228772011997409,0.00715813123109921,-0.0120684104845151,-0.00984978023564398
0.45404293507729,0.0400447097629897,0.228575256779421,0.00714709219666876,-0.0120834058273052,-0.00983776089940047
0.454185656140535,0.0398027417395878,0.228378741948158,0.00713605316223942,-0.0120984011700952,-0.00982574156315613
0.454328156423091,0.0395604738093301,0.228182467503619,0.00712501412780731,-0.0121133965128857,-0.00981372222691318
0.454470435924959,0.0393179059722166,0.227986433445806,0.00711397509337908,-0.0121283918556758,-0.00980170289066884
0.454612494646138,0.0390750382282472,0.227790639774717,0.00710293605894752,-0.012143387198466,-0.00978968355442589
0.454754332586628,0.0388318705774221,0.227595086490354,0.00709189702451818,-0.0121583825412561,-0.00977766421818183
0.45489594974643,0.0385884030197412,0.227399773592715,0.00708085799008606,-0.0121733778840467,-0.0097656448819386
0.455037346125543,0.0383446355552045,0.227204701081801,0.00706981895565839,-0.0121883732268365,-0.0097536255456937
0.455178521723968,0.0381005681838119,0.227009868957612,0.00705877992122628,-0.012203368569627,-0.0097416062094513
0.455319476541704,0.0378562009055636,0.226815277220148,0.00704774088679805,-0.0122183639124169,-0.00972958687320585
0.455460210578751,0.0376115337204594,0.226620925869409,0.00703670185236538,-0.0122333592552075,-0.00971756753696346
0.45560072383511,0.0373665666284995,0.226426814905394,0.00702566281793715,-0.0122483545979973,-0.00970554820071939
0.45574101631078,0.0371212996296837,0.226232944328105,0.00701462378350559,-0.0122633499407878,-0.00969352886447644
0.455881088005761,0.0368757327240122,0.22603931413754,0.00700358474907736,-0.0122783452835778,-0.00968150952823155
0.456020938920054,0.0366298659114848,0.2258459243337,0.00699254571464414,-0.0122933406263684,-0.00966949019198943
0.456160569053659,0.0363836991921016,0.225652774916586,0.00698150668021758,-0.0123083359691582,-0.00965747085574453
0.456299978406574,0.0361372325658627,0.225459865886195,0.00697046764578491,-0.0123233313119486,-0.0096454515195013
0.456439166978802,0.0358904660327679,0.22526719724253,0.00695942861135612,-0.0123383266547387,-0.00963343218325724
0.45657813477034,0.0356433995928173,0.22507476898559,0.00694838957692401,-0.0123533219975291,-0.00962141284701484
0.45671688178119,0.0353960332460109,0.224882581115375,0.00693735054249689,-0.0123683173403189,-0.00960939351076939
0.456855408011351,0.0351483669923487,0.224690633631884,0.00692631150806367,-0.0123833126831095,-0.009597374174527
0.456993713460824,0.0349004008318308,0.224498926535118,0.00691527247363544,-0.0123983080258995,-0.00958535483828238
0.457131798129608,0.034652134764457,0.224307459825078,0.00690423343920388,-0.0124133033686898,-0.0095733355020397
0.457269662017703,0.0344035687902274,0.224116233501762,0.00689319440477565,-0.0124282987114797,-0.00956131616579425
0.45740730512511,0.034154702909142,0.223925247565171,0.00688215537034298,-0.0124432940542703,-0.00954929682955213
0.457544727451829,0.0339055371212008,0.223734502015305,0.00687111633591475,-0.0124582893970603,-0.00953727749330752
0.457681928997858,0.0336560714264037,0.223543996852163,0.00686007730148375,-0.0124732847398504,-0.00952525815706429
0.457818909763199,0.0334063058247509,0.223353732075747,0.00684903826705496,-0.0124882800826406,-0.00951323882081967
0.457955669747852,0.0331562403162423,0.223163707686055,0.00683799923262285,-0.0125032754254309,-0.00950121948457699
0.458092208951816,0.0329058749008779,0.222973923683089,0.00682696019819462,-0.012518270768221,-0.00948920014833238
0.458228527375091,0.0326552095786577,0.222784380066847,0.00681592116376306,-0.0125332661110113,-0.00947718081208915
0.458364625017678,0.0324042443495816,0.22259507683733,0.00680488212933428,-0.0125482614538016,-0.00946516147584536
0.458500501879576,0.0321529792136498,0.222406013994538,0.00679384309490216,-0.0125632567965918,-0.00945314213960186
0.458636157960785,0.0319014141708622,0.222217191538471,0.00678280406047393,-0.0125782521393821,-0.00944112280335807
0.458771593261306,0.0316495492212187,0.222028609469129,0.00677176502604182,-0.0125932474821722,-0.00942910346711484
0.458906807781138,0.0313973843647195,0.221840267786511,0.00676072599161304,-0.0126082428249624,-0.0094170841308705
0.459041801520282,0.0311449196013644,0.221652166490619,0.00674968695718148,-0.0126232381677527,-0.00940506479462727
0.459176574478737,0.0308921549311536,0.221464305581451,0.00673864792275325,-0.0126382335105428,-0.00939304545838321
0.459311126656503,0.0306390903540869,0.221276685059008,0.00672760888832058,-0.0126532288533329,-0.00938102612213998
0.459445458053581,0.0303857258701644,0.22108930492329,0.00671656985389235,-0.0126682241961232,-0.00936900678589592
0.45957956866997,0.0301320614793862,0.220902165174297,0.00670553081946079,-0.0126832195389134,-0.00935698744965241
0.459713458505671,0.0298780971817521,0.220715265812029,0.00669449178503201,-0.0126982148817036,-0.00934496811340807
0.459847127560683,0.0296238329772622,0.220528606836486,0.00668345275059989,-0.0127132102244937,-0.00933294877716512
0.459980575835007,0.0293692688659165,0.220342188247667,0.00667241371617167,-0.012728205567284,-0.00932092944092078
0.460113803328641,0.0291144048477151,0.220156010045574,0.00666137468174011,-0.0127432009100742,-0.00930891010467727
0.460246810041588,0.0288592409226578,0.219970072230205,0.00665033564731188,-0.0127581962528645,-0.00929689076843376
0.460379595973845,0.0286037770907447,0.219784374801561,0.00663929661287976,-0.0127731915956545,-0.00928487143219081
0.460512161125414,0.0283480133519758,0.219598917759642,0.00662825757845154,-0.0127881869384449,-0.00927285209594619
0.460644505496295,0.0280919497063511,0.219413701104448,0.00661721854401998,-0.0128031822812351,-0.00926083275970269
0.460776629086486,0.0278355861538706,0.219228724835979,0.00660617950959119,-0.0128181776240253,-0.0092488134234589
0.46090853189599,0.0275789226945343,0.219043988954235,0.00659514047515852,-0.0128331729668154,-0.00923679408721539
0.461040213924804,0.0273219593283421,0.218859493459215,0.00658410144072918,-0.0128481683096058,-0.00922477475097133
0.46117167517293,0.0270646960552942,0.218675238350921,0.00657306240629818,-0.0128631636523959,-0.00921275541472782
0.461302915640368,0.0268071328753905,0.218491223629351,0.0065620233718694,-0.0128781589951861,-0.00920073607848459
0.461433935327116,0.026549269788631,0.218307449294506,0.00655098433743839,-0.0128931543379763,-0.00918871674224053
0.461564734233177,0.0262911067950156,0.218123915346386,0.00653994530300905,-0.0129081496807665,-0.00917669740599675
0.461695312358548,0.0260326438945445,0.217940621784991,0.00652890626857916,-0.0129231450235567,-0.00916467806975296
0.461825669703231,0.0257738810872176,0.217757568610321,0.00651786723414927,-0.0129381403663469,-0.00915265873350946
0.461955806267225,0.0255148183730348,0.217574755822376,0.00650682819971882,-0.0129531357091371,-0.00914063939726539
0.462085722050531,0.0252554557519963,0.217392183421155,0.00649578916528837,-0.0129681310519273,-0.00912862006102189
0.462215417053148,0.0249957932241019,0.21720985140666,0.00648475013085847,-0.0129831263947175,-0.0091166007247781
0.462344891275077,0.0247358307893518,0.217027759778889,0.00647371109642747,-0.0129981217375077,-0.00910458138853459
0.462474144716317,0.0244755684477458,0.216845908537843,0.00646267206199758,-0.0130131170802979,-0.00909256205229053
0.462603177376868,0.0242150061992841,0.216664297683522,0.00645163302756768,-0.0130281124230881,-0.00908054271604675
0.462731989256731,0.0239541440439665,0.216482927215926,0.00644059399313779,-0.0130431077658783,-0.00906852337980379
0.462860580355905,0.0236929819817931,0.216301797135055,0.00642955495870789,-0.0130581031086685,-0.00905650404355945
0.462988950674391,0.0234315200127639,0.216120907440909,0.00641851592427745,-0.0130730984514587,-0.00904448470731567
0.463117100212188,0.023169758136879,0.215940258133487,0.006407476889847,-0.013088093794249,-0.00903246537107244
0.463245028969296,0.0229076963541382,0.215759849212791,0.00639643785541599,-0.0131030891370392,-0.00902044603482866
0.463372736945716,0.0226453346645416,0.215579680678819,0.0063853988209861,-0.0131180844798293,-0.00900842669858459
0.463500224141447,0.0223826730680892,0.215399752531572,0.00637435978655621,-0.0131330798226196,-0.00899640736234136
0.463627490556489,0.022119711564781,0.21522006477105,0.00636332075212631,-0.0131480751654097,-0.00898438802609758
0.463754536190843,0.021856450154617,0.215040617397253,0.00635228171769586,-0.0131630705081999,-0.00897236868985352
0.463881361044509,0.0215928888375972,0.214861410410181,0.00634124268326597,-0.0131780658509903,-0.00896034935361001
0.464007965117485,0.0213290276137216,0.214682443809834,0.00633020364883552,-0.0131930611937804,-0.00894833001736622
0.464134348409773,0.0210648664829902,0.214503717596211,0.00631916461440563,-0.0132080565365706,-0.00893631068112244
0.464260510921373,0.020800405445403,0.214325231769314,0.00630812557997573,-0.0132230518793608,-0.00892429134487865
0.464386452652284,0.02053564450096,0.214146986329141,0.00629708654554528,-0.013238047222151,-0.00891227200863542
0.464512173602506,0.0202705836496611,0.213968981275693,0.00628604751111539,-0.0132530425649411,-0.00890025267239164
0.46463767377204,0.0200052228915065,0.21379121660897,0.00627500847668494,-0.0132680379077315,-0.00888823333614785
0.464762953160885,0.0197395622264961,0.213613692328972,0.00626396944225394,-0.0132830332505216,-0.00887621399990407
0.464888011769041,0.0194736016546298,0.213436408435699,0.0062529304078246,-0.0132980285933119,-0.00886419466366084
0.465012849596509,0.0192073411759078,0.213259364929151,0.0062418913733947,-0.013313023936102,-0.0088521753274165
0.465137466643289,0.0189407807903299,0.213082561809327,0.00623085233896425,-0.0133280192788923,-0.00884015599117272
0.465261862909379,0.0186739204978963,0.212905999076229,0.00621981330453436,-0.0133430146216824,-0.00882813665492921
0.465386038394781,0.0184067602986068,0.212729676729855,0.00620877427010447,-0.0133580099644726,-0.0088161173186857
0.465509993099495,0.0181393001924616,0.212553594770206,0.00619773523567346,-0.0133730053072628,-0.00880409798244164
0.46563372702352,0.0178715401794605,0.212377753197282,0.00618669620124301,-0.013388000650053,-0.00879207864619841
0.465757240166856,0.0176034802596037,0.212202152011083,0.00617565716681368,-0.0134029959928432,-0.00878005930995462
0.465880532529504,0.017335120432891,0.212026791211609,0.00616461813238212,-0.0134179913356336,-0.00876803997371084
0.466003604111463,0.0170664606993225,0.211851670798859,0.00615357909795278,-0.0134329866784236,-0.00875602063746733
0.466126454912733,0.0167975010588982,0.211676790772835,0.00614254006352288,-0.0134479820212139,-0.00874400130122355
0.466249084933315,0.0165282415116182,0.211502151133535,0.00613150102909243,-0.0134629773640041,-0.00873198196497976
0.466371494173208,0.0162586820574823,0.211327751880961,0.00612046199466143,-0.0134779727067941,-0.00871996262873598
0.466493682632413,0.0159888226964906,0.211153593015111,0.00610942296023265,-0.0134929680495843,-0.00870794329249219
0.466615650310929,0.0157186634286431,0.210979674535986,0.0060983839258022,-0.0135079633923747,-0.00869592395624813
0.466737397208756,0.0154482042539398,0.210805996443586,0.00608734489137175,-0.0135229587351648,-0.00868390462000462
0.466858923325895,0.0151774451723807,0.21063255873791,0.0060763058569413,-0.0135379540779549,-0.00867188528376084
0.466980228662345,0.0149063861839658,0.21045936141896,0.00606526682251196,-0.0135529494207454,-0.00865986594751705
0.467101313218107,0.0146350272886951,0.210286404486735,0.00605422778808207,-0.0135679447635355,-0.00864784661127355
0.46722217699318,0.0143633684865686,0.210113687941234,0.00604318875365106,-0.0135829401063256,-0.00863582727503004
0.467342819987564,0.0140914097775863,0.209941211782458,0.00603214971922061,-0.0135979354491159,-0.00862380793878653
0.46746324220126,0.0138191511617481,0.209768976010407,0.00602111068479239,-0.013612930791906,-0.00861178860254247
0.467583443634267,0.0135465926390542,0.209596980625081,0.00601007165036083,-0.0136279261346964,-0.00859976926629924
0.467703424286586,0.0132737342095045,0.20942522562648,0.00599903261592982,-0.0136429214774866,-0.00858774993005545
0.467823184158216,0.0130005758730989,0.209253711014604,0.00598799358149993,-0.0136579168202766,-0.00857573059381167
0.467942723249157,0.0127271176298376,0.209082436789453,0.00597695454707114,-0.0136729121630667,-0.00856371125756733
0.46806204155941,0.0124533594797205,0.208911402951026,0.00596591551263903,-0.0136879075058573,-0.00855169192132466
0.468181139088975,0.0121793014227475,0.208740609499325,0.00595487647821025,-0.0137029028486473,-0.00853967258508059
0.46830001583785,0.0119049434589188,0.208570056434348,0.00594383744377924,-0.0137178981914374,-0.00852765324883681
0.468418671806037,0.0116302855882342,0.208399743756096,0.00593279840935046,-0.0137328935342276,-0.00851563391259247
0.468537106993535,0.0113553278106939,0.208229671464569,0.0059217593749189,-0.0137478888770181,-0.00850361457634979
0.468655321400345,0.0110800701262977,0.208059839559767,0.00591072034048956,-0.0137628842198081,-0.00849159524010518
0.468773315026466,0.0108045125350457,0.20789024804169,0.005899681306058,-0.0137778795625983,-0.00847957590386167
0.468891087871899,0.0105286550369379,0.207720896910337,0.00588864227163088,-0.0137928749053884,-0.00846755656761761
0.469008639936643,0.0102524976319744,0.20755178616571,0.00587760323719821,-0.0138078702481789,-0.00845553723137493
0.469125971220698,0.00997604032015501,0.207382915807807,0.00586656420276832,-0.0138228655909691,-0.00844351789513059
0.469243081724065,0.00969928310147981,0.20721428583663,0.00585552516833787,-0.0138378609337591,-0.00843149855888736
0.469359971446743,0.00942222597594881,0.207045896252177,0.00584448613390964,-0.0138528562765491,-0.00841947922264302
0.469476640388733,0.00914486894356203,0.206877747054449,0.00583344709947697,-0.01386785161934,-0.00840745988640007
0.469593088550034,0.00886721200431946,0.206709838243446,0.00582240806504764,-0.0138828469621299,-0.00839544055015601
0.469709315930646,0.00858925515822102,0.206542169819167,0.00581136903061719,-0.0138978423049198,-0.00838342121391222
0.46982532253057,0.00831099840526682,0.206374741781614,0.00580032999618785,-0.01391283764771,-0.00837140187766788
0.469941108349805,0.00803244174545683,0.206207554130785,0.00578929096175684,-0.0139278329905007,-0.00835938254142521
0.470056673388352,0.00775358517879103,0.206040606866682,0.00577825192732695,-0.0139428283332905,-0.00834736320518115
0.47017201764621,0.00747442870526939,0.205873899989303,0.00576721289289706,-0.0139578236760806,-0.00833534386893764
0.470287141123379,0.00719497232489197,0.205707433498649,0.00575617385846827,-0.0139728190188709,-0.0083233245326933
0.47040204381986,0.00691521603765876,0.20554120739472,0.00574513482403671,-0.0139878143616616,-0.00831130519645035
0.470516725735652,0.00663515984356974,0.205375221677516,0.00573409578960626,-0.0140028097044514,-0.00829928586020656
0.470631186870755,0.00635480374262487,0.205209476347037,0.00572305675517581,-0.0140178050472416,-0.0082872665239625
0.47074542722517,0.00607414773482425,0.205043971403282,0.00571201772074648,-0.0140328003900318,-0.00827524718771844
0.470859446798896,0.00579319182016781,0.204878706846253,0.00570097868631492,-0.014047795732822,-0.00826322785147521
0.470973245591934,0.00551193599865558,0.204713682675948,0.00568993965188558,-0.0140627910756121,-0.0082512085152317
0.471086823604283,0.00523038027028754,0.204548898892369,0.00567890061745513,-0.0140777864184023,-0.00823918917898736
0.471200180835944,0.00494852463506366,0.204384355495514,0.00566786158302635,-0.0140927817611924,-0.00822716984274385
0.471313317286916,0.00466636909298401,0.204220052485384,0.00565682254859479,-0.0141077771039828,-0.00821515050650035
0.471426232957199,0.00438391364404857,0.204055989861979,0.00564578351416489,-0.0141227724467734,-0.00820313117025712
0.471538927846794,0.00410115828825731,0.203892167625298,0.00563474447973444,-0.0141377677895631,-0.00819111183401305
0.4716514019557,0.0038181030256102,0.203728585775343,0.00562370544530566,-0.0141527631323533,-0.00817909249776871
0.471763655283917,0.00353474785610734,0.203565244312112,0.00561266641087355,-0.0141677584751436,-0.00816707316152576
0.471875687831446,0.00325109277974868,0.203402143235607,0.00560162737644476,-0.0141827538179341,-0.00815505382528225
0.471987499598286,0.00296713779653421,0.203239282545826,0.00559058834201431,-0.0141977491607239,-0.00814303448903819
0.472099090584438,0.00268288290646389,0.20307666224277,0.00557954930758553,-0.0142127445035142,-0.00813101515279385
0.472210460789901,0.00239832810953781,0.202914282326439,0.00556851027315286,-0.0142277398463045,-0.00811899581655146
0.472321610214676,0.00211347340575593,0.202752142796833,0.00555747123872408,-0.0142427351890951,-0.00810697648030712
0.472432538858762,0.00182831879511823,0.202590243653952,0.00554643220429307,-0.0142577305318848,-0.00809495714406305
0.472543246722159,0.0015428642776247,0.202428584897795,0.00553539316986429,-0.0142727258746751,-0.00808293780781927
0.472653733804868,0.00125710985327541,0.202267166528364,0.00552435413543273,-0.0142877212174652,-0.00807091847157632
0.472764000106888,0.000971055522070309,0.202105988545657,0.00551331510100339,-0.0143027165602558,-0.00805889913533225
0.472874045628219,0.000684701284009409,0.201945050949675,0.00550227606657239,-0.0143177119030455,-0.00804687979908875
0.472983870368862,0.000398047139092653,0.201784353740418,0.0054912370321436,-0.0143327072458358,-0.00803486046284441
0.473093474328816,0.000111093087320151,0.201623896917886,0.00548019799771149,-0.0143477025886261,-0.00802284112660118
0.473202857508082,-0.000176160871308166,0.201463680482079,0.0054691589632816,-0.0143626979314167,-0.00801082179035739
0.473312019906659,-0.000463714736792298,0.201303704432997,0.0054581199288517,-0.0143776932742064,-0.00799880245411388
0.473420961524547,-0.000751568509132258,0.20114396877064,0.00544708089442292,-0.0143926886169966,-0.00798678311786954
0.473529682361747,-0.00103972218832799,0.200984473495007,0.0054360418599908,-0.0144076839597869,-0.00797476378162659
0.473638182418258,-0.00132817577437951,0.200825218606099,0.00542500282556202,-0.014422679302577,-0.00796274444538253
0.473746461694081,-0.00161692926728686,0.200666204103917,0.00541396379113102,-0.0144376746453673,-0.0079507251091393
0.473854520189215,-0.00190598266705,0.200507429988459,0.00540292475670223,-0.0144526699881574,-0.00793870577289468
0.47396235790366,-0.00219533597366899,0.200348896259726,0.00539188572227067,-0.0144676653309477,-0.00792668643665145
0.474069974837417,-0.00248498918714372,0.200190602917718,0.00538084668784133,-0.0144826606737379,-0.00791466710040795
0.474177370990485,-0.00277494230747428,0.200032549962434,0.00536980765341033,-0.0144976560165284,-0.00790264776416472
0.474284546362865,-0.00306519533466065,0.199874737393876,0.00535876861898155,-0.0145126513593183,-0.00789062842791982
0.474391500954556,-0.00335574826870284,0.199717165212042,0.00534772958454943,-0.0145276467021085,-0.00787860909167687
0.474498234765559,-0.00364660110960081,0.199559833416934,0.00533669055012065,-0.0145426420448988,-0.00786658975543308
0.474604747795872,-0.00393775385735458,0.19940274200855,0.00532565151568909,-0.0145576373876893,-0.00785457041918958
0.474711040045498,-0.00422920651196416,0.199245890986891,0.00531461248126086,-0.014572632730479,-0.00784255108294524
0.474817111514434,-0.00452095907342958,0.199089280351957,0.0053035734468293,-0.0145876280732692,-0.00783053174670201
0.474922962202682,-0.00481301154175075,0.198932910103748,0.00529253441240052,-0.0146026234160596,-0.00781851241045795
0.475028592110241,-0.00510536391692774,0.198776780242263,0.0052814953779684,-0.01461761875885,-0.00780649307421472
0.475134001237112,-0.00539801619896053,0.198620890767504,0.00527045634354018,-0.0146326141016398,-0.0077944737379701
0.475239189583294,-0.00569096838784917,0.198465241679469,0.00525941730910862,-0.0146476094444301,-0.00778245440172687
0.475344157148788,-0.00598422048359356,0.19830983297816,0.00524837827467872,-0.0146626047872205,-0.00777043506548308
0.475448903933593,-0.00627777248619376,0.198154664663575,0.00523733924024772,-0.0146776001300109,-0.00775841572924013
0.475553429937709,-0.00657162439564978,0.197999736735715,0.00522630020581949,-0.0146925954728006,-0.00774639639299551
0.475657735161137,-0.00686577621196163,0.19784504919458,0.00521526117138793,-0.0147075908155909,-0.00773437705675228
0.475761819603876,-0.00716022793512923,0.19769060204017,0.00520422213695804,-0.0147225861583813,-0.00772235772050878
0.475865683265927,-0.00745497956515265,0.197536395272485,0.00519318310252759,-0.0147375815011716,-0.00771033838426555
0.475969326147289,-0.00775003110203189,0.197382428891524,0.0051821440680988,-0.0147525768439614,-0.00769831904802065
0.476072748247962,-0.00804538254576694,0.197228702897289,0.00517110503366724,-0.0147675721867518,-0.00768629971177742
0.476175949567947,-0.00834103389635777,0.197075217289778,0.00516006599923791,-0.014782567529542,-0.00767428037553419
0.476278930107243,-0.00863698515380441,0.196921972068992,0.0051490269648069,-0.0147975628723322,-0.00766226103929013
0.476381689865851,-0.00893323631810686,0.196768967234931,0.00513798793037812,-0.0148125582151223,-0.00765024170304551
0.47648422884377,-0.00922978738926512,0.196616202787595,0.00512694889594656,-0.0148275535579125,-0.00763822236680284
0.476586547041,-0.00952663836727917,0.196463678726984,0.00511590986151667,-0.0148425489007029,-0.00762620303055905
0.476688644457542,-0.00982378925214902,0.196311395053098,0.00510487082708622,-0.014857544243493,-0.00761418369431471
0.476790521093395,-0.0101212400438747,0.196159351765936,0.00509383179265743,-0.0148725395862834,-0.00760216435807093
0.476892176948559,-0.0104189907424562,0.1960075488655,0.00508279275822532,-0.0148875349290734,-0.00759014502182825
0.476993612023035,-0.0107170413478935,0.195855986351788,0.00507175372379598,-0.0149025302718638,-0.00757812568558391
0.477094826316822,-0.0110153918601865,0.195704664224801,0.00506071468936609,-0.0149175256146539,-0.00756610634934041
0.477195819829921,-0.0113140422793354,0.195553582484539,0.00504967565493675,-0.0149325209574442,-0.0075540870130969
0.477296592562331,-0.0116129926053401,0.195402741131002,0.00503863662050519,-0.0149475163002342,-0.00754206767685339
0.477397144514053,-0.0119122428382006,0.19525214016419,0.00502759758607585,-0.0149625116430246,-0.00753004834060905
0.477497475685086,-0.0122117929779169,0.195101779584103,0.00501655855164596,-0.0149775069858147,-0.00751802900436582
0.47759758607543,-0.012511643024489,0.19495165939074,0.00500551951721495,-0.0149925023286049,-0.00750600966812204
0.477697475685086,-0.0128117929779169,0.194801779584103,0.00499448048278395,-0.015007497671395,-0.00749399033187825
0.477797144514053,-0.0131122428382006,0.19465214016419,0.00498344144835461,-0.0150224930141853,-0.00748197099563419
0.477896592562331,-0.0134129926053401,0.194502741131002,0.00497240241392416,-0.0150374883569755,-0.00746995165939096
0.477995819829921,-0.0137140422793354,0.194353582484539,0.00496136337949316,-0.0150524836997657,-0.0074579323231469
0.478094826316822,-0.0140153918601865,0.194204664224801,0.00495032434506493,-0.015067479042556,-0.00744591298690339
0.478193612023035,-0.0143170413478934,0.194055986351788,0.00493928531063448,-0.0150824743853462,-0.00743389365065961
0.478292176948559,-0.0146189907424562,0.1939075488655,0.00492824627620403,-0.0150974697281364,-0.0074218743144161
0.478390521093395,-0.0149212400438747,0.193759351765936,0.00491720724177469,-0.0151124650709265,-0.00740985497817204
0.478488644457542,-0.015223789252149,0.193611395053098,0.00490616820734369,-0.0151274604137167,-0.00739783564192853
0.478586547041,-0.0155266383672792,0.193463678726984,0.00489512917291268,-0.0151424557565068,-0.00738581630568447
0.478684228843769,-0.0158297873892651,0.193316202787595,0.00488409013848279,-0.0151574510992972,-0.00737379696944124
0.478781689865851,-0.0161332363181069,0.193168967234931,0.00487305110405289,-0.0151724464420873,-0.00736177763319745
0.478878930107243,-0.0164369851538044,0.193021972068992,0.004862012069623,-0.0151874417848773,-0.00734975829695339
0.478975949567947,-0.0167410338963578,0.192875217289778,0.00485097303519311,-0.0152024371276678,-0.00733773896070988
0.479072748247962,-0.0170453825457669,0.192728702897289,0.00483993400076266,-0.015217432470458,-0.00732571962446638
0.479169326147289,-0.0173500311020319,0.192582428891524,0.00482889496633276,-0.0152324278132482,-0.00731370028822231
0.479265683265927,-0.0176549795651527,0.192436395272485,0.00481785593190176,-0.015247423156038,-0.00730168095197881
0.479361819603876,-0.0179602279351292,0.19229060204017,0.00480681689747131,-0.015262418498829,-0.0072896616157353
0.479457735161137,-0.0182657762119616,0.19214504919458,0.00479577786304197,-0.0152774138416189,-0.00727764227949179
0.479553429937709,-0.0185716243956498,0.191999736735715,0.00478473882861208,-0.015292409184409,-0.00726562294324773
0.479648903933593,-0.0188777724861938,0.191854664663575,0.00477369979418107,-0.0153074045271989,-0.00725360360700394
0.479744157148788,-0.0191842204835936,0.19170983297816,0.00476266075975174,-0.0153223998699898,-0.00724158427076016
0.479839189583294,-0.0194909683878491,0.19156524167947,0.00475162172532129,-0.0153373952127796,-0.00722956493451693
0.479934001237112,-0.0197980161989606,0.191420890767504,0.00474058269089084,-0.0153523905555698,-0.00721754559827287
0.480028592110241,-0.0201053639169278,0.191276780242263,0.00472954365646039,-0.0153673858983597,-0.00720552626202908
0.480122962202682,-0.0204130115417508,0.191132910103748,0.00471850462203105,-0.0153823812411505,-0.00719350692578558
0.480217111514434,-0.0207209590734295,0.190989280351957,0.00470746558760005,-0.0153973765839403,-0.00718148758954207
0.480311040045498,-0.0210292065119642,0.190845890986891,0.00469642655317015,-0.0154123719267307,-0.00716946825329828
0.480404747795872,-0.0213377538573546,0.19070274200855,0.0046853875187397,-0.0154273672695204,-0.00715744891705422
0.480498234765558,-0.0216466011096008,0.190559833416934,0.00467434848431036,-0.0154423626123115,-0.00714542958081071
0.480591500954556,-0.0219557482687028,0.190417165212042,0.00466330944987936,-0.0154573579551013,-0.00713341024456748
0.480684546362865,-0.0222651953346607,0.190274737393876,0.00465227041544947,-0.0154723532978915,-0.00712139090832342
0.480777370990485,-0.0225749423074743,0.190132549962434,0.00464123138102013,-0.0154873486406813,-0.00710937157207908
0.480869974837417,-0.0228849891871437,0.189990602917718,0.00463019234658968,-0.0155023439834723,-0.00709735223583613
0.48096235790366,-0.0231953359736689,0.189848896259726,0.00461915331215812,-0.0155173393262621,-0.00708533289959262
0.481054520189215,-0.02350598266705,0.189707429988459,0.00460811427772934,-0.0155323346690522,-0.00707331356334828
0.481146461694081,-0.0238169292672869,0.189566204103917,0.00459707524329889,-0.0155473300118422,-0.00706129422710478
0.481238182418258,-0.0241281757743795,0.189425218606099,0.00458603620886788,-0.0155623253546327,-0.00704927489086127
0.481329682361747,-0.024439722188328,0.189284473495007,0.00457499717443799,-0.0155773206974227,-0.00703725555461721
0.481420961524547,-0.0247515685091322,0.18914396877064,0.00456395814000865,-0.0155923160402131,-0.0070252362183737
0.481512019906659,-0.0250637147367923,0.189003704432997,0.00455291910557765,-0.015607311383003,-0.00701321688212964
0.481602857508082,-0.0253761608713082,0.188863680482079,0.00454188007114831,-0.0156223067257934,-0.00700119754588613
0.481693474328816,-0.0256889069126798,0.188723896917886,0.00453084103671841,-0.015637302068584,-0.0069891782096429
0.481783870368862,-0.0260019528609073,0.188584353740418,0.00451980200228796,-0.015652297411374,-0.00697715887339884
0.481874045628219,-0.0263152987159906,0.188445050949675,0.00450876296785752,-0.0156672927541639,-0.00696513953715505
0.481964000106888,-0.0266289444779297,0.188305988545657,0.00449772393342651,-0.0156822880969543,-0.00695312020091182
0.482053733804868,-0.0269428901467246,0.188167166528364,0.00448668489899662,-0.0156972834397448,-0.00694110086466804
0.482143246722159,-0.0272571357223753,0.188028584897795,0.00447564586456561,-0.0157122787825348,-0.00692908152842425
0.482232538858762,-0.0275716812048818,0.187890243653952,0.00446460683013628,-0.0157272741253246,-0.00691706219218047
0.482321610214676,-0.0278865265942441,0.187752142796833,0.00445356779570638,-0.0157422694681151,-0.00690504285593668
0.482410460789901,-0.0282016718904622,0.187614282326439,0.00444252876127704,-0.0157572648109058,-0.0068930235196929
0.482499090584438,-0.0285171170935361,0.18747666224277,0.00443148972684659,-0.0157722601536957,-0.00688100418344911
0.482587499598287,-0.0288328622034658,0.187339282545826,0.00442045069241614,-0.0157872554964854,-0.00686898484720533
0.482675687831446,-0.0291489072202514,0.187202143235607,0.00440941165798625,-0.0158022508392758,-0.00685696551096182
0.482763655283917,-0.0294652521438926,0.187065244312112,0.00439837262355525,-0.0158172461820665,-0.00684494617471831
0.4828514019557,-0.0297818969743898,0.186928585775343,0.00438733358912591,-0.0158322415248564,-0.00683292683847425
0.482938927846794,-0.0300988417117427,0.186792167625298,0.0043762945546949,-0.0158472368676461,-0.00682090750223047
0.483026232957199,-0.0304160863559515,0.186655989861979,0.00436525552026557,-0.0158622322104367,-0.00680888816598668
0.483113317286916,-0.030733630907016,0.186520052485384,0.00435421648583456,-0.0158772275532274,-0.00679686882974345
0.483200180835944,-0.0310514753649363,0.186384355495514,0.00434317745140467,-0.0158922228960172,-0.00678484949349939
0.483286823604283,-0.0313696197297125,0.186248898892369,0.00433213841697422,-0.015907218238807,-0.00677283015725588
0.483373245591934,-0.0316880640013444,0.186113682675948,0.00432109938254432,-0.0159222135815975,-0.00676081082101238
0.483459446798897,-0.0320068081798322,0.185978706846253,0.00431006034811388,-0.0159372089243878,-0.00674879148476859
0.48354542722517,-0.0323258522651757,0.185843971403282,0.00429902131368454,-0.015952204267178,-0.00673677214852481
0.483631186870755,-0.0326451962573751,0.185709476347037,0.00428798227925409,-0.0159671996099679,-0.00672475281228102
0.483716725735652,-0.0329648401564303,0.185575221677516,0.00427694324482419,-0.0159821949527585,-0.00671273347603751
0.48380204381986,-0.0332847839623412,0.18544120739472,0.00426590421039375,-0.0159971902955487,-0.00670071413979345
0.483887141123379,-0.033605027675108,0.185307433498649,0.00425486517596385,-0.0160121856383393,-0.00668869480355022
0.48397201764621,-0.0339255712947306,0.185173899989303,0.00424382614153285,-0.0160271809811287,-0.00667667546730588
0.484056673388352,-0.034246414821209,0.185040606866682,0.00423278710710351,-0.0160421763239191,-0.00666465613106237
0.484141108349805,-0.0345675582545432,0.184907554130785,0.0042217480726725,-0.0160571716667093,-0.00665263679481887
0.48422532253057,-0.0348890015947331,0.184774741781614,0.00421070903824261,-0.0160721670095,-0.00664061745857564
0.484309315930646,-0.0352107448417789,0.184642169819167,0.00419967000381216,-0.0160871623522894,-0.0066285981223313
0.484393088550034,-0.0355327879956806,0.184509838243446,0.00418863096938227,-0.0161021576950799,-0.00661657878608807
0.484476640388733,-0.0358551310564379,0.184377747054449,0.00417759193495182,-0.0161171530378704,-0.00660455944984428
0.484559971446743,-0.0361777740240512,0.184245896252177,0.00416655290052192,-0.016132148380661,-0.00659254011360078
0.484643081724065,-0.0365007168985202,0.18411428583663,0.00415551386609203,-0.0161471437234502,-0.00658052077735616
0.484725971220698,-0.036823959679845,0.183982915807807,0.00414447483166214,-0.0161621390662409,-0.00656850144111293
0.484808639936643,-0.0371475023680256,0.18385178616571,0.00413343579723169,-0.0161771344090312,-0.00655648210486914
0.484891087871899,-0.037471344963062,0.183720896910337,0.00412239676280124,-0.0161921297518216,-0.00654446276862564
0.484973315026466,-0.0377954874649543,0.18359024804169,0.00411135772837024,-0.016207125094611,-0.00653244343238157
0.485055321400345,-0.0381199298737023,0.183459839559767,0.00410031869394034,-0.0162221204374018,-0.00652042409613834
0.485137106993535,-0.0384446721893061,0.183329671464569,0.00408927965951045,-0.0162371157801919,-0.00650840475989456
0.485218671806037,-0.0387697144117658,0.183199743756096,0.00407824062508055,-0.0162521111229824,-0.00649638542365105
0.48530001583785,-0.0390950565410812,0.183070056434348,0.00406720159065066,-0.0162671064657719,-0.00648436608740699
0.485381139088975,-0.0394206985772525,0.182940609499325,0.00405616255622077,-0.0162821018085625,-0.00647234675116348
0.48546204155941,-0.0397466405202795,0.182811402951026,0.00404512352179087,-0.0162970971513526,-0.00646032741491942
0.485542723249157,-0.0400728823701624,0.182682436789453,0.00403408448735987,-0.0163120924941432,-0.00644830807867591
0.485623184158216,-0.040399424126901,0.182553711014604,0.00402304545292997,-0.0163270878369327,-0.00643628874243185
0.485703424286586,-0.0407262657904955,0.18242522562648,0.00401200641849897,-0.0163420831797233,-0.00642426940618834
0.485783443634268,-0.0410534073609458,0.182296980625081,0.00400096738407019,-0.0163570785225135,-0.00641225006994456
0.48586324220126,-0.0413808488382519,0.182168976010407,0.00398992834963918,-0.0163720738653037,-0.00640023073370105
0.485942819987565,-0.0417085902224137,0.182041211782458,0.00397888931520929,-0.0163870692080936,-0.00638821139745727
0.48602217699318,-0.0420366315134314,0.181913687941234,0.00396785028077884,-0.0164020645508842,-0.00637619206121404
0.486101313218107,-0.0423649727113049,0.181786404486735,0.0039568112463495,-0.0164170598936743,-0.00636417272496997
0.486180228662345,-0.0426936138160342,0.18165936141896,0.0039457722119185,-0.0164320552364645,-0.00635215338872647
0.486258923325895,-0.0430225548276193,0.18153255873791,0.0039347331774886,-0.0164470505792547,-0.00634013405248268
0.486337397208756,-0.0433517957460602,0.181405996443586,0.00392369414305815,-0.0164620459220449,-0.0063281147162389
0.486415650310929,-0.0436813365713569,0.181279674535986,0.00391265510862826,-0.0164770412648352,-0.00631609537999511
0.486493682632413,-0.0440111773035094,0.181153593015111,0.00390161607419781,-0.0164920366076254,-0.00630407604375161
0.486571494173208,-0.0443413179425177,0.181027751880961,0.00389057703976736,-0.0165070319504154,-0.00629205670750754
0.486649084933315,-0.0446717584883818,0.180902151133535,0.00387953800533691,-0.0165220272932057,-0.00628003737126404
0.486726454912733,-0.0450024989411017,0.180776790772835,0.00386849897090757,-0.0165370226359961,-0.00626801803502025
0.486803604111463,-0.0453335393006775,0.180651670798859,0.00385745993647713,-0.0165520179787865,-0.00625599869877674
0.486880532529504,-0.045664879567109,0.180526791211609,0.00384642090204723,-0.0165670133215764,-0.00624397936253296
0.486957240166856,-0.0459965197403964,0.180402152011083,0.00383538186761678,-0.0165820086643668,-0.00623196002628917
0.48703372702352,-0.0463284598205395,0.180277753197282,0.00382434283318633,-0.0165970040071568,-0.00621994069004567
0.487109993099495,-0.0466606998075384,0.180153594770206,0.00381330379875644,-0.0166119993499469,-0.00620792135380188
0.487186038394781,-0.0469932397013931,0.180029676729855,0.00380226476432655,-0.0166269946927368,-0.0061959020175581
0.487261862909379,-0.0473260795021037,0.179905999076229,0.0037912257298961,-0.0166419900355274,-0.00618388268131459
0.487337466643289,-0.04765921920967,0.179782561809327,0.00378018669546565,-0.0166569853783174,-0.0061718633450708
0.487412849596509,-0.0479926588240922,0.179659364929151,0.00376914766103631,-0.0166719807211082,-0.00615984400882702
0.487488011769041,-0.0483263983453702,0.179536408435699,0.00375810862660586,-0.016686976063898,-0.00614782467258351
0.487562953160885,-0.048660437773504,0.179413692328972,0.00374706959217541,-0.0167019714066883,-0.00613580533633917
0.48763767377204,-0.0489947771084935,0.17929121660897,0.00373603055774552,-0.0167169667494785,-0.00612378600009567
0.487712173602506,-0.0493294163503389,0.179168981275693,0.00372499152331618,-0.0167319620922687,-0.00611176666385216
0.487786452652284,-0.0496643554990401,0.179046986329141,0.00371395248888462,-0.0167469574350584,-0.00609974732760837
0.487860510921373,-0.049999594554597,0.178925231769314,0.00370291345445417,-0.0167619527778486,-0.00608772799136459
0.487934348409773,-0.0503351335170098,0.178803717596211,0.00369187442002428,-0.0167769481206392,-0.00607570865512108
0.488007965117485,-0.0506709723862784,0.178682443809834,0.00368083538559438,-0.0167919434634295,-0.00606368931887757
0.488081361044509,-0.0510071111624028,0.178561410410181,0.00366979635116338,-0.0168069388062197,-0.00605166998263379
0.488154536190843,-0.051343549845383,0.178440617397253,0.0036587573167346,-0.0168219341490099,-0.00603965064639028
0.488227490556489,-0.051680288435219,0.17832006477105,0.00364771828230415,-0.0168369294918004,-0.0060276313101465
0.488300224141447,-0.0520173269319108,0.178199752531572,0.0036366792478737,-0.0168519248345902,-0.00601561197390299
0.488372736945716,-0.0523546653354584,0.178079680678819,0.0036256402134438,-0.0168669201773804,-0.00600359263765865
0.488445028969296,-0.0526923036458618,0.177959849212791,0.00361460117901335,-0.0168819155201701,-0.00599157330141514
0.488517100212188,-0.053030241863121,0.177840258133487,0.00360356214458346,-0.0168969108629609,-0.00597955396517136
0.488588950674391,-0.053368479987236,0.177720907440909,0.00359252311015357,-0.0169119062057511,-0.00596753462892757
0.488660580355905,-0.0537070180182069,0.177601797135055,0.00358148407572312,-0.0169269015485413,-0.00595551529268379
0.488731989256731,-0.0540458559560335,0.177482927215926,0.00357044504129211,-0.0169418968913315,-0.00594349595644056
0.488803177376868,-0.0543849938007159,0.177364297683522,0.00355940600686278,-0.0169568922341222,-0.00593147662019677
0.488874144716317,-0.0547244315522542,0.177245908537843,0.00354836697243177,-0.0169718875769119,-0.00591945728395299
0.488944891275077,-0.0550641692106482,0.177127759778889,0.00353732793800132,-0.0169868829197022,-0.0059074379477092
0.489015417053148,-0.0554042067758981,0.17700985140666,0.00352628890357143,-0.0170018782624919,-0.0058954186114657
0.489085722050531,-0.0557445442480037,0.176892183421155,0.00351524986914153,-0.0170168736052824,-0.00588339927522163
0.489155806267225,-0.0560851816269651,0.176774755822376,0.00350421083471164,-0.0170318689480727,-0.00587137993897785
0.489225669703231,-0.0564261189127824,0.176657568610321,0.00349317180028175,-0.0170468642908628,-0.00585936060273434
0.489295312358548,-0.0567673561054555,0.176540621784991,0.00348213276585185,-0.0170618596336531,-0.00584734126649084
0.489364734233177,-0.0571088932049844,0.176423915346386,0.0034710937314214,-0.0170768549764437,-0.00583532193024705
0.489433935327116,-0.057450730211369,0.176307449294506,0.00346005469699207,-0.0170918503192337,-0.00582330259400354
0.489502915640368,-0.0577928671246095,0.176191223629351,0.00344901566256106,-0.0171068456620238,-0.00581128325775976
0.48957167517293,-0.0581353039447058,0.176075238350921,0.00343797662813061,-0.0171218410048136,-0.00579926392151597
0.489640213924804,-0.0584780406716579,0.175959493459215,0.00342693759370072,-0.0171368363476037,-0.00578724458527219
0.48970853189599,-0.0588210773054657,0.175843988954235,0.00341589855927082,-0.0171518316903944,-0.0057752252490284
0.489776629086486,-0.0591644138461294,0.175728724835979,0.00340485952483927,-0.0171668270331846,-0.0057632059127849
0.489844505496295,-0.059508050293649,0.175613701104448,0.00339382049040937,-0.0171818223759747,-0.00575118657654111
0.489912161125414,-0.0598519866480243,0.175498917759642,0.00338278145598003,-0.0171968177187653,-0.00573916724029733
0.489979595973845,-0.0601962229092553,0.175384374801561,0.00337174242154903,-0.0172118130615557,-0.00572714790405382
0.490046810041588,-0.0605407590773423,0.175270072230205,0.00336070338711913,-0.0172268084043453,-0.00571512856780976
0.490113803328641,-0.060885595152285,0.175156010045574,0.0033496643526898,-0.0172418037471351,-0.00570310923156597
0.490180575835007,-0.0612307311340835,0.175042188247667,0.00333862531825879,-0.0172567990899254,-0.00569108989532247
0.490247127560683,-0.0615761670227378,0.174928606836486,0.0033275862838289,-0.017271794432716,-0.00567907055907896
0.490313458505671,-0.0619219028182479,0.174815265812029,0.003316547249399,-0.0172867897755062,-0.00566705122283517
0.49037956866997,-0.0622679385206139,0.174702165174297,0.00330550821496911,-0.0173017851182964,-0.00565503188659167
0.490445458053581,-0.0626142741298356,0.17458930492329,0.00329446918053866,-0.0173167804610869,-0.00564301255034788
0.490511126656503,-0.0629609096459131,0.174476685059008,0.00328343014610877,-0.0173317758038771,-0.00563099321410437
0.490576574478737,-0.0633078450688465,0.174364305581451,0.00327239111167832,-0.0173467711466669,-0.00561897387786031
0.490641801520282,-0.0636550803986356,0.174252166490619,0.00326135207724787,-0.0173617664894567,-0.00560695454161653
0.490706807781138,-0.0640026156352805,0.174140267786511,0.00325031304281742,-0.0173767618322469,-0.00559493520537302
0.490771593261306,-0.0643504507787813,0.174028609469129,0.00323927400838697,-0.0173917571750376,-0.00558291586912923
0.490836157960785,-0.0646985858291378,0.173917191538471,0.00322823497395819,-0.0174067525178279,-0.00557089653288545
0.490900501879576,-0.0650470207863502,0.173806013994538,0.00321719593952718,-0.0174217478606181,-0.00555887719664194
0.490964625017678,-0.0653957556504184,0.17369507683733,0.00320615690509729,-0.0174367432034087,-0.00554685786039844
0.491028527375091,-0.0657447904213424,0.173584380066847,0.00319511787066684,-0.0174517385461989,-0.00553483852415437
0.491092208951816,-0.0660941250991221,0.173473923683089,0.00318407883623695,-0.0174667338889886,-0.00552281918791087
0.491155669747852,-0.0664437596837577,0.173363707686055,0.00317303980180594,-0.0174817292317786,-0.0055107998516668
0.491218909763199,-0.0667936941752491,0.173253732075747,0.0031620007673766,-0.0174967245745687,-0.0054987805154233
0.491281928997858,-0.0671439285735962,0.173143996852163,0.00315096173294616,-0.0175117199173588,-0.00548676117917923
0.491344727451829,-0.0674944628787992,0.173034502015305,0.00313992269851626,-0.0175267152601495,-0.00547474184293573
0.49140730512511,-0.067845297090858,0.172925247565171,0.00312888366408637,-0.0175417106029394,-0.00546272250669194
0.491469662017703,-0.0681964312097727,0.172816233501762,0.00311784462965647,-0.0175567059457302,-0.00545070317044871
0.491531798129608,-0.068547865235543,0.172707459825078,0.00310680559522436,-0.0175717012885204,-0.00543868383420465
0.491593713460824,-0.0688995991681693,0.172598926535118,0.00309576656079558,-0.0175866966313107,-0.00542666449796114
0.491655408011351,-0.0692516330076513,0.172490633631884,0.00308472752636513,-0.0176016919741001,-0.00541464516171763
0.49171688178119,-0.0696039667539891,0.172382581115375,0.00307368849193468,-0.0176166873168908,-0.00540262582547357
0.49177813477034,-0.0699566004071827,0.17227476898559,0.00306264945750367,-0.0176316826596805,-0.00539060648922951
0.491839166978801,-0.0703095339672321,0.17216719724253,0.00305161042307489,-0.0176466780024712,-0.00537858715298628
0.491899978406574,-0.0706627674341373,0.172059865886195,0.00304057138864389,-0.017661673345261,-0.0053665678167425
0.491960569053659,-0.0710163008078984,0.171952774916585,0.00302953235421399,-0.0176766686880518,-0.00535454848049899
0.492020938920054,-0.0713701340885152,0.1718459243337,0.0030184933197841,-0.0176916640308421,-0.0053425291442552
0.492081088005761,-0.0717242672759879,0.17173931413754,0.00300745428535421,-0.0177066593736323,-0.0053305098080117
0.49214101631078,-0.0720787003703163,0.171632944328105,0.00299641525092431,-0.0177216547164216,-0.00531849047176763
0.49220072383511,-0.0724334333715005,0.171526814905394,0.00298537621649442,-0.0177366500592123,-0.00530647113552385
0.492260210578751,-0.0727884662795406,0.171420925869409,0.00297433718206341,-0.0177516454020021,-0.00529445179928034
0.492319476541704,-0.0731437990944364,0.171315277220148,0.00296329814763296,-0.0177666407447928,-0.00528243246303683
0.492378521723968,-0.0734994318161881,0.171209868957612,0.00295225911320363,-0.0177816360875827,-0.00527041312679305
0.492437346125543,-0.0738553644447956,0.171104701081801,0.00294122007877262,-0.0177966314303735,-0.00525839379054927
0.49249594974643,-0.0742115969802588,0.170999773592715,0.00293018104434217,-0.0178116267731637,-0.00524637445430576
0.492554332586628,-0.0745681294225779,0.170895086490354,0.00291914200991228,-0.017826622115954,-0.0052343551180617
0.492612494646138,-0.0749249617717528,0.170790639774717,0.00290810297548239,-0.0178416174587433,-0.00522233578181791
0.492670435924959,-0.0752820940277835,0.170686433445806,0.00289706394105194,-0.0178566128015338,-0.00521031644557413
0.492728156423091,-0.0756395261906699,0.170582467503619,0.00288602490662204,-0.0178716081443239,-0.00519829710933062
0.492785656140535,-0.0759972582604122,0.170478741948158,0.00287498587219215,-0.0178866034871139,-0.00518627777308711
0.49284293507729,-0.0763552902370103,0.170375256779421,0.00286394683776225,-0.0179015988299043,-0.00517425843684305
0.492899993233357,-0.0767136221204642,0.170272011997409,0.00285290780333125,-0.0179165941726947,-0.00516223910059954
0.492956830608735,-0.0770722539107739,0.170169007602122,0.00284186876890136,-0.0179315895154854,-0.00515021976435603
0.493013447203425,-0.0774311856079394,0.170066243593559,0.00283082973447146,-0.0179465848582756,-0.00513820042811253
0.493069843017425,-0.0777904172119607,0.169963719971722,0.00281979070004101,-0.0179615802010655,-0.00512618109186846
0.493126018050738,-0.0781499487228379,0.169861436736609,0.00280875166561056,-0.0179765755438553,-0.00511416175562496
0.493181972303361,-0.0785097801405707,0.169759393888222,0.00279771263118123,-0.017991570886646,-0.00510214241938117
0.493237705775296,-0.0788699114651594,0.169657591426559,0.00278667359675078,-0.0180065662294357,-0.00509012308313739
0.493293218466543,-0.079230342696604,0.169556029351621,0.00277563456231977,-0.0180215615722257,-0.00507810374689333
0.4933485103771,-0.0795910738349043,0.169454707663408,0.00276459552788988,-0.0180365569150163,-0.00506608441064982
0.49340358150697,-0.0799521048800604,0.16935362636192,0.00275355649345999,-0.0180515522578072,-0.00505406507440631
0.49345843185615,-0.0803134358320724,0.169252785447157,0.00274251745902954,-0.018066547600597,-0.00504204573816253
0.493513061424642,-0.0806750666909401,0.169152184919118,0.00273147842459909,-0.018081542943387,-0.00503002640191874
0.493567470212446,-0.0810369974566637,0.169051824777805,0.00272043939016975,-0.0180965382861772,-0.00501800706567523
0.49362165821956,-0.081399228129243,0.168951705023216,0.0027094003557393,-0.0181115336289676,-0.00500598772943145
0.493675625445987,-0.0817617587086781,0.168851825655353,0.00269836132130941,-0.0181265289717573,-0.00499396839318766
0.493729371891724,-0.0821245891949691,0.168752186674214,0.00268732228687896,-0.0181415243145476,-0.00498194905694416
0.493782897556773,-0.0824877195881159,0.1686527880798,0.00267628325244906,-0.018156519657338,-0.00496992972070065
0.493836202441134,-0.0828511498881184,0.168553629872111,0.00266524421801917,-0.0181715150001287,-0.00495791038445659
0.493889286544805,-0.0832148800949768,0.168454712051146,0.00265420518358872,-0.0181865103429187,-0.00494589104821308
0.493942149867789,-0.083578910208691,0.168356034616907,0.00264316614915827,-0.0182015056857085,-0.00493387171196902
0.493994792410083,-0.083943240229261,0.168257597569392,0.00263212711472782,-0.0182165010284986,-0.00492185237572551
0.494047214171689,-0.0843078701566867,0.168159400908603,0.00262108808029793,-0.018231496371289,-0.00490983303948145
0.494099415152606,-0.0846727999909683,0.168061444634538,0.00261004904586803,-0.0182464917140789,-0.00489781370323794
0.494151395352835,-0.0850380297321057,0.167963728747198,0.00259901001143703,-0.0182614870568691,-0.00488579436699443
0.494203154772375,-0.0854035593800989,0.167866253246583,0.00258797097700714,-0.0182764823996598,-0.00487377503075093
0.494254693411227,-0.0857693889349479,0.167769018132693,0.0025769319425778,-0.01829147774245,-0.00486175569450686
0.49430601126939,-0.0861355183966527,0.167672023405528,0.00256589290814679,-0.0183064730852406,-0.00484973635826363
0.494357108346864,-0.0865019477652133,0.167575269065087,0.00255485387371635,-0.0183214684280303,-0.00483771702201985
0.49440798464365,-0.0868686770406298,0.167478755111372,0.00254381483928701,-0.0183364637708205,-0.00482569768577579
0.494458640159747,-0.0872357062229019,0.167382481544381,0.00253277580485711,-0.0183514591136107,-0.004813678349532
0.494509074895155,-0.08760303531203,0.167286448364115,0.00252173677042611,-0.0183664544564008,-0.00480165901328877
0.494559288849875,-0.0879706643080138,0.167190655570575,0.00251069773599677,-0.0183814497991908,-0.00478963967704443
0.494609282023907,-0.0883385932108534,0.167095103163758,0.00249965870156577,-0.0183964451419813,-0.0047776203408012
0.494659054417249,-0.0887068220205488,0.166999791143667,0.00248861966713587,-0.0184114404847714,-0.00476560100455742
0.494708606029904,-0.0890753507371001,0.166904719510301,0.00247758063270487,-0.0184264358275621,-0.00475358166831391
0.494757936861869,-0.0894441793605071,0.16680988826366,0.00246654159827553,-0.0184414311703521,-0.00474156233206985
0.494807046913146,-0.08981330789077,0.166715297403743,0.00245550256384508,-0.0184564265131421,-0.00472954299582662
0.494855936183734,-0.0901827363278886,0.166620946930551,0.00244446352941519,-0.0184714218559325,-0.00471752365958256
0.494904604673634,-0.090552464671863,0.166526836844085,0.00243342449498474,-0.0184864171987226,-0.00470550432333905
0.494953052382845,-0.0909224929226933,0.166432967144343,0.00242238546055484,-0.0185014125415123,-0.00469348498709499
0.495001279311368,-0.0912928210803794,0.166339337831326,0.00241134642612495,-0.0185164078843029,-0.0046814656508512
0.495049285459201,-0.0916634491449212,0.166245948905034,0.0024003073916945,-0.0185314032270932,-0.00466944631460742
0.495097070826347,-0.0920343771163189,0.166152800365466,0.00238926835726461,-0.0185463985698839,-0.00465742697836391
0.495144635412803,-0.0924056049945724,0.166059892212624,0.00237822932283471,-0.0185613939126736,-0.00464540764211985
0.495191979218571,-0.0927771327796817,0.165967224446506,0.00236719028840426,-0.018576389255464,-0.00463338830587662
0.495239102243651,-0.0931489604716467,0.165874797067114,0.00235615125397326,-0.018591384598254,-0.00462136896963339
0.495286004488042,-0.0935210880704676,0.165782610074446,0.00234511221954392,-0.0186063799410442,-0.00460934963338933
0.495332685951744,-0.0938935155761443,0.165690663468503,0.00233407318511347,-0.0186213752838338,-0.00459733029714554
0.495379146634758,-0.0942662429886768,0.165598957249285,0.00232303415068302,-0.0186363706266242,-0.00458531096090203
0.495425386537083,-0.0946392703080651,0.165507491416792,0.00231199511625313,-0.0186513659694146,-0.00457329162465797
0.495471405658719,-0.0950125975343091,0.165416265971024,0.00230095608182324,-0.018666361312205,-0.00456127228841419
0.495517203999667,-0.0953862246674091,0.16532528091198,0.00228991704739223,-0.0186813566549951,-0.00454925295217068
0.495562781559926,-0.0957601517073648,0.165234536239662,0.00227887801296234,-0.0186963519977854,-0.00453723361592689
0.495608138339497,-0.0961343786541763,0.165144031954068,0.00226783897853244,-0.018711347340576,-0.00452521427968339
0.495653274338379,-0.0965089055078436,0.165053768055199,0.00225679994410199,-0.0187263426833659,-0.0045131949434396
0.495698189556573,-0.0968837322683667,0.164963744543055,0.0022457609096721,-0.018741338026156,-0.00450117560719582
0.495742883994077,-0.0972588589357457,0.164873961417636,0.00223472187524221,-0.018756333368946,-0.00448915627095203
0.495787357650894,-0.0976342855099804,0.164784418678942,0.00222368284081176,-0.0187713287117364,-0.00447713693470853
0.495831610527021,-0.0980100119910709,0.164695116326973,0.00221264380638186,-0.0187863240545266,-0.00446511759846446
0.49587564262246,-0.0983860383790172,0.164606054361728,0.00220160477195197,-0.0188013193973169,-0.00445309826222123
0.495919453937211,-0.0987623646738194,0.164517232783209,0.00219056573752152,-0.0188163147401071,-0.00444107892597717
0.495963044471273,-0.0991389908754773,0.164428651591414,0.00217952670309052,-0.0188313100828974,-0.00442905958973394
0.496006414224646,-0.0995159169839911,0.164340310786344,0.00216848766866118,-0.0188463054256877,-0.00441704025348988
0.49604956319733,-0.0998931429993606,0.164252210367999,0.00215744863423073,-0.0188613007684776,-0.00440502091724637
0.496092491389326,-0.100270668921586,0.164164350336379,0.00214640959980028,-0.0188762961112676,-0.00439300158100259
0.496135198800634,-0.100648494750667,0.164076730691484,0.00213537056537039,-0.0188912914540582,-0.0043809822447588
0.496177685431253,-0.101026620486604,0.163989351433314,0.00212433153094049,-0.0189062867968486,-0.00436896290851502
0.496219951281183,-0.101405046129397,0.163902212561868,0.00211329249651004,-0.0189212821396383,-0.00435694357227179
0.496261996350424,-0.101783771679045,0.163815314077148,0.00210225346207904,-0.0189362774824287,-0.004344924236028
0.496303820638977,-0.10216279713555,0.163728655979152,0.0020912144276497,-0.0189512728252192,-0.00433290489978422
0.496345424146842,-0.10254212249891,0.163642238267881,0.00208017539321925,-0.018966268168009,-0.00432088556354071
0.496386806874018,-0.102921747769126,0.163556060943335,0.00206913635878936,-0.0189812635107992,-0.00430886622729665
0.496427968820505,-0.103301672946198,0.163470124005514,0.00205809732435891,-0.018996258853589,-0.00429684689105259
0.496468909986303,-0.103681898030125,0.163384427454418,0.00204705828992957,-0.0190112541963793,-0.0042848275548088
0.496509630371413,-0.104062423020909,0.163298971290047,0.00203601925549857,-0.0190262495391696,-0.00427280821856529
0.496550129975835,-0.104443247918548,0.1632137555124,0.00202498022106867,-0.01904124488196,-0.00426078888232151
0.496590408799567,-0.104824372723043,0.163128780121479,0.00201394118663878,-0.0190562402247502,-0.00424876954607828
0.496630466842612,-0.105205797434394,0.163044045117282,0.00200290215220833,-0.0190712355675411,-0.00423675020983449
0.496670304104967,-0.1055875220526,0.16295955049981,0.00199186311777788,-0.0190862309103312,-0.00422473087359099
0.496709920586634,-0.105969546577663,0.162875296269063,0.00198082408334799,-0.0191012262531212,-0.0042127115373472
0.496749316287612,-0.106351871009581,0.162791282425041,0.00196978504891754,-0.0191162215959106,-0.00420069220110342
0.496788491207902,-0.106734495348355,0.162707508967744,0.00195874601448709,-0.0191312169387009,-0.00418867286485936
0.496827445347503,-0.107117419593985,0.162623975897172,0.00194770698005775,-0.0191462122814916,-0.00417665352861585
0.496866178706416,-0.107500643746471,0.162540683213324,0.0019366679456273,-0.0191612076242817,-0.00416463419237234
0.49690469128464,-0.107884167805812,0.162457630916202,0.00192562891119741,-0.019176202967072,-0.00415261485612828
0.496942983082175,-0.108267991772009,0.162374819005804,0.00191458987676696,-0.0191911983098626,-0.00414059551988477
0.496981054099022,-0.108652115645062,0.162292247482131,0.00190355084233707,-0.0192061936526527,-0.00412857618364126
0.49701890433518,-0.109036539424971,0.162209916345183,0.00189251180790662,-0.0192211889954425,-0.0041165568473972
0.49705653379065,-0.109421263111736,0.16212782559496,0.00188147277347672,-0.0192361843382324,-0.00410453751115342
0.497093942465431,-0.109806286705356,0.162045975231462,0.00187043373904627,-0.0192511796810224,-0.00409251817490991
0.497131130359523,-0.110191610205832,0.161964365254689,0.00185939470461638,-0.0192661750238131,-0.00408049883866612
0.497168097472927,-0.110577233613165,0.16188299566464,0.00184835567018593,-0.0192811703666035,-0.00406847950242262
0.497204843805642,-0.110963156927352,0.161801866461317,0.00183731663575604,-0.0192961657093937,-0.00405646016617911
0.497241369357668,-0.111349380148396,0.161720977644718,0.00182627760132559,-0.0193111610521843,-0.00404444082993505
0.497277674129006,-0.111735903276296,0.161640329214844,0.00181523856689458,-0.0193261563949743,-0.00403242149369154
0.497313758119655,-0.112122726311051,0.161559921171695,0.00180419953246469,-0.0193411517377641,-0.00402040215744803
0.497349621329616,-0.112509849252662,0.161479753515271,0.0017931604980348,-0.0193561470805541,-0.00400838282120397
0.497385263758888,-0.112897272101129,0.161399826245572,0.00178212146360379,-0.0193711424233441,-0.00399636348496019
0.497420685407472,-0.113284994856452,0.161320139362598,0.00177108242917445,-0.0193861377661346,-0.00398434414871668
0.497455886275367,-0.11367301751863,0.161240692866348,0.00176004339474511,-0.019401133108925,-0.00397232481247289
0.497490866362573,-0.114061340087664,0.161161486756824,0.00174900436031522,-0.0194161284517148,-0.00396030547622883
0.497525625669091,-0.114449962563554,0.161082521034024,0.00173796532588422,-0.0194311237945058,-0.00394828613998532
0.49756016419492,-0.1148388849463,0.161003795697949,0.00172692629145432,-0.019446119137296,-0.00393626680374182
0.49759448194006,-0.115228107235902,0.160925310748599,0.00171588725702387,-0.019461114480086,-0.00392424746749831
0.497628578904512,-0.11561762943236,0.160847066185974,0.00170484822259342,-0.0194761098228756,-0.00391222813125425
0.497662455088275,-0.116007451535673,0.160769062010074,0.00169380918816298,-0.0194911051656663,-0.00390020879501074
0.49769611049135,-0.116397573545842,0.160691298220898,0.00168277015373308,-0.0195061005084561,-0.00388818945876723
0.497729545113736,-0.116787995462867,0.160613774818448,0.00167173111930263,-0.0195210958512462,-0.00387617012252345
0.497762758955433,-0.117178717286748,0.160536491802722,0.00166069208487274,-0.0195360911940368,-0.00386415078627966
0.497795752016442,-0.117569739017484,0.160459449173722,0.00164965305044285,-0.0195510865368277,-0.00385213145003588
0.497828524296762,-0.117961060655077,0.160382646931446,0.0016386140160124,-0.0195660818796178,-0.00384011211379237
0.497861075796394,-0.118352682199525,0.160306085075895,0.00162757498158306,-0.0195810772224078,-0.00382809277754831
0.497893406515337,-0.118744603650829,0.160229763607069,0.00161653594715261,-0.0195960725651977,-0.0038160734413048
0.497925516453592,-0.119136825008989,0.160153682524968,0.00160549691272216,-0.0196110679079872,-0.00380405410506074
0.497957405611157,-0.119529346274004,0.160077841829591,0.00159445787829171,-0.0196260632507775,-0.00379203476881751
0.497989073988035,-0.119922167445875,0.16000224152094,0.00158341884386237,-0.0196410585935677,-0.00378001543257345
0.498020521584223,-0.120315288524603,0.159926881599013,0.00157237980943137,-0.0196560539363581,-0.00376799609632994
0.498051748399723,-0.120708709510186,0.159851762063811,0.00156134077500147,-0.0196710492791492,-0.00375597676008615
0.498082754434535,-0.121102430402624,0.159776882915335,0.00155030174057158,-0.0196860446219395,-0.00374395742384265
0.498113539688658,-0.121496451201919,0.159702244153583,0.00153926270614113,-0.0197010399647296,-0.00373193808759886
0.498144104162092,-0.121890771908069,0.159627845778555,0.00152822367171068,-0.0197160353075192,-0.00371991875135536
0.498174447854837,-0.122285392521076,0.159553687790253,0.00151718463728079,-0.0197310306503094,-0.00370789941511129
0.498204570766895,-0.122680313040937,0.159479770188676,0.00150614560285089,-0.0197460259930993,-0.00369588007886751
0.498234472898263,-0.123075533467655,0.159406092973823,0.00149510656841989,-0.0197610213358895,-0.003683860742624
0.498264154248943,-0.123471053801229,0.159332656145696,0.00148406753399055,-0.0197760166786801,-0.00367184140638022
0.498293614818934,-0.123866874041658,0.159259459704293,0.00147302849955899,-0.019791012021471,-0.00365982207013671
0.498322854608236,-0.124262994188944,0.159186503649615,0.00146198946512965,-0.0198060073642609,-0.0036478027338932
0.49835187361685,-0.124659414243085,0.159113787981662,0.00145095043069976,-0.0198210027070513,-0.00363578339764942
0.498380671844776,-0.125056134204081,0.159041312700434,0.00143991139626987,-0.0198359980498408,-0.00362376406140535
0.498409249292013,-0.125453154071934,0.158969077805931,0.00142887236183886,-0.0198509933926305,-0.00361174472516185
0.498437605958561,-0.125850473846642,0.158897083298153,0.00141783332740952,-0.0198659887354208,-0.00359972538891778
0.49846574184442,-0.126248093528207,0.158825329177099,0.00140679429297907,-0.0198809840782113,-0.00358770605267428
0.498493656949591,-0.126646013116627,0.15875381544277,0.00139575525854807,-0.019895979421001,-0.00357568671643077
0.498521351274074,-0.127044232611902,0.158682542095167,0.00138471622411818,-0.0199109747637924,-0.00356366738018726
0.498548824817867,-0.127442752014034,0.158611509134288,0.00137367718968884,-0.0199259701065826,-0.0035516480439432
0.498576077580973,-0.127841571323022,0.158540716560134,0.00136263815525894,-0.0199409654493729,-0.00353962870769969
0.498603109563389,-0.128240690538865,0.158470164372705,0.00135159912082849,-0.0199559607921626,-0.00352760937145591
0.498629920765117,-0.128640109661564,0.158399852572,0.0013405600863986,-0.0199709561349529,-0.00351559003521212
0.498656511186157,-0.129039828691119,0.158329781158021,0.00132952105196871,-0.0199859514777428,-0.00350357069896834
0.498682880826507,-0.129439847627529,0.158259950130767,0.0013184820175377,-0.0200009468205331,-0.00349155136272483
0.49870902968617,-0.129840166470796,0.158190359490237,0.00130744298310781,-0.0200159421633231,-0.00347953202648105
0.498734957765143,-0.130240785220918,0.158121009236432,0.00129640394867736,-0.0200309375061131,-0.00346751269023726
0.498760665063428,-0.130641703877896,0.158051899369352,0.00128536491424747,-0.0200459328489042,-0.00345549335399348
0.498786151581024,-0.13104292244173,0.157983029888997,0.00127432587981646,-0.0200609281916941,-0.00344347401774997
0.498811417317932,-0.13144444091242,0.157914400795367,0.00126328684538712,-0.0200759235344841,-0.00343145468150619
0.498836462274151,-0.131846259289965,0.157846012088462,0.00125224781095612,-0.0200909188772744,-0.00341943534526268
0.498861286449682,-0.132248377574367,0.157777863768282,0.00124120877652623,-0.0201059142200652,-0.00340741600901862
0.498885889844524,-0.132650795765624,0.157709955834826,0.00123016974209578,-0.0201209095628543,-0.00339539667277511
0.498910272458677,-0.133053513863737,0.157642288288096,0.00121913070766588,-0.0201359049056446,-0.0033833773365316
0.498934434292142,-0.133456531868705,0.15757486112809,0.00120809167323488,-0.0201509002484357,-0.00337135800028782
0.498958375344918,-0.13385984978053,0.157507674354809,0.0011970526388061,-0.0201658955912259,-0.00335933866404403
0.498982095617005,-0.13426346759921,0.157440727968253,0.00118601360437565,-0.0201808909340162,-0.00334731932780052
0.499005595108404,-0.134667385324746,0.157374021968422,0.0011749745699452,-0.0201958862768059,-0.00333529999155674
0.499028873819115,-0.135071602957138,0.157307556355315,0.0011639355355153,-0.0202108816195962,-0.00332328065531295
0.499051931749136,-0.135476120496386,0.157241331128934,0.00115289650108596,-0.0202258769623859,-0.00331126131906917
0.499074768898469,-0.135880937942489,0.157175346289278,0.00114185746665441,-0.0202408723051758,-0.00329924198282538
0.499097385267114,-0.136286055295449,0.157109601836346,0.00113081843222451,-0.0202558676479661,-0.00328722264658188
0.49911978085507,-0.136691472555264,0.157044097770139,0.00111977939779462,-0.0202708629907564,-0.00327520331033782
0.499141955662337,-0.137097189721935,0.156978834090657,0.00110874036336472,-0.0202858583335475,-0.00326318397409431
0.499163909688916,-0.137503206795461,0.1569138107979,0.00109770132893428,-0.0203008536763377,-0.0032511646378508
0.499185642934806,-0.137909523775844,0.156849027891868,0.00108666229450438,-0.0203158490191277,-0.00323914530160702
0.499207155400007,-0.138316140663082,0.156784485372561,0.00107562326007393,-0.0203308443619174,-0.00322712596536323
0.49922844708452,-0.138723057457177,0.156720183239978,0.00106458422564404,-0.0203458397047088,-0.00321510662911972
0.499249517988344,-0.139130274158127,0.156656121494121,0.00105354519121303,-0.0203608350474976,-0.00320308729287566
0.49927036811148,-0.139537790765932,0.156592300134988,0.00104250615678314,-0.0203758303902879,-0.00319106795663188
0.499290997453927,-0.139945607280594,0.156528719162581,0.00103146712235269,-0.0203908257330776,-0.00317904862038837
0.499311406015686,-0.140353723702111,0.156465378576898,0.0010204280879228,-0.0204058210758684,-0.00316702928414458
0.499331593796755,-0.140762140030484,0.15640227837794,0.00100938905349235,-0.0204208164186592,-0.00315500994790135
0.499351560797137,-0.141170856265713,0.156339418565706,0.00099835001906301,-0.0204358117614492,-0.00314299061165729
0.499371307016829,-0.141579872407798,0.156276799140198,0.000987310984632561,-0.0204508071042392,-0.00313097127541379
0.499390832455833,-0.141989188456739,0.156214420101415,0.000976271950202667,-0.02046580244703,-0.00311895193917
0.499410137114149,-0.142398804412535,0.156152281449356,0.000965232915772218,-0.0204807977898203,-0.00310693260292649
0.499429220991776,-0.142808720275187,0.156090383184023,0.000954193881342325,-0.0204957931326094,-0.00309491326668243
0.499448084088714,-0.143218936044695,0.156028725305414,0.000943154846911876,-0.0205107884753997,-0.00308289393043865
0.499466726404964,-0.143629451721059,0.15596730781353,0.000932115812481982,-0.020525783818191,-0.00307087459419514
0.499485147940525,-0.144040267304279,0.155906130708371,0.000921076778050978,-0.020540779160981,-0.00305885525795135
0.499503348695397,-0.144451382794354,0.155845193989937,0.000910037743621084,-0.0205557745037707,-0.00304683592170785
0.499521328669581,-0.144862798191285,0.155784497658227,0.00089899870919119,-0.020570769846561,-0.00303481658546406
0.499539087863076,-0.145274513495072,0.155724041713243,0.000887959674760741,-0.0205857651893515,-0.00302279724922055
0.499556626275883,-0.145686528705715,0.155663826154984,0.000876920640329737,-0.0206007605321407,-0.00301077791297677
0.499573943908001,-0.146098843823214,0.155603850983449,0.000865881605900398,-0.0206157558749315,-0.00299875857673326
0.49959104075943,-0.146511458847568,0.155544116198639,0.000854842571470504,-0.0206307512177212,-0.00298673924048892
0.499607916830171,-0.146924373778779,0.155484621800554,0.000843803537040055,-0.0206457465605114,-0.00297471990424542
0.499624572120223,-0.147337588616845,0.155425367789194,0.000832764502610162,-0.0206607419033028,-0.00296270056800191
0.499641006629587,-0.147751103361766,0.155366354164559,0.000821725468180268,-0.0206757372460925,-0.00295068123175785
0.499657220358262,-0.148164918013544,0.155307580926649,0.000810686433750374,-0.0206907325888825,-0.00293866189551406
0.499673213306248,-0.148579032572178,0.155249048075463,0.00079964739931937,-0.0207057279316733,-0.00292664255927083
0.499688985473546,-0.148993447037667,0.155190755611003,0.000788608364889476,-0.0207207232744636,-0.00291462322302677
0.499704536860155,-0.149408161410012,0.155132703533267,0.000777569330459027,-0.020735718617253,-0.00290260388678326
0.499719867466076,-0.149823175689213,0.155074891842256,0.000766530296029133,-0.020750713960043,-0.00289058455053948
0.499734977291308,-0.150238489875269,0.15501732053797,0.000755491261598684,-0.0207657093028332,-0.00287856521429597
0.499749866335851,-0.150654103968182,0.154959989620409,0.00074445222716879,-0.0207807046456235,-0.00286654587805218
0.499764534599706,-0.15107001796795,0.154902899089573,0.000733413192738341,-0.020795699988414,-0.0028545265418084
0.499778982082872,-0.151486231874574,0.154846048945462,0.000722374158308448,-0.0208106953312037,-0.00284250720556462
0.499793208785349,-0.151902745688054,0.154789439188075,0.000711335123878554,-0.0208256906739951,-0.00283048786932139
0.499807214707138,-0.15231955940839,0.154733069817414,0.000700296089448105,-0.0208406860167851,-0.00281846853307732
0.499820999848239,-0.152736673035581,0.154676940833477,0.000689257055018211,-0.0208556813595753,-0.00280644919683354
0.499834564208651,-0.153154086569629,0.154621052236265,0.000678218020587762,-0.0208706767023645,-0.00279442986059003
0.499847907788374,-0.153571800010532,0.154565404025779,0.000667178986157868,-0.020885672045155,-0.00278241052434625
0.499861030587408,-0.153989813358291,0.154509996202016,0.000656139951726864,-0.0209006673879455,-0.00277039118810246
0.499873932605754,-0.154408126612905,0.154454828764979,0.00064510091729697,-0.0209156627307355,-0.00275837185185868
0.499886613843411,-0.154826739774376,0.154399901714667,0.000634061882866521,-0.0209306580735255,-0.00274635251561517
0.49989907430038,-0.155245652842702,0.15434521505108,0.000623022848436627,-0.0209456534163166,-0.00273433317937138
0.49991131397666,-0.155664865817884,0.154290768774217,0.000611983814006178,-0.0209606487591069,-0.00272231384312788
0.499923332872252,-0.156084378699922,0.154236562884079,0.000600944779576285,-0.020975644101896,-0.00271029450688381
0.499935130987155,-0.156504191488816,0.154182597380667,0.000589905745146391,-0.0209906394446865,-0.00269827517064031
0.499946708321369,-0.156924304184566,0.154128872263979,0.000578866710716497,-0.0210056347874765,-0.00268625583439652
0.499958064874895,-0.157344716787171,0.154075387534016,0.000567827676286048,-0.0210206301302668,-0.00267423649815302
0.499969200647732,-0.157765429296632,0.154022143190777,0.000556788641855599,-0.021035625473057,-0.00266221716190923
0.49998011563988,-0.158186441712949,0.153969139234264,0.000545749607425705,-0.0210506208158476,-0.00265019782566572
0.49999080985134,-0.158607754036122,0.153916375664476,0.000534710572995256,-0.0210656161586381,-0.00263817848942194
0.500001283282112,-0.15902936626615,0.153863852481412,0.000523671538564807,-0.0210806115014286,-0.00262615915317815
0.500011535932194,-0.159451278403035,0.153811569685073,0.000512632504134358,-0.0210956068442184,-0.00261413981693437
0.500021567801588,-0.159873490446775,0.15375952727546,0.00050159346970502,-0.0211106021870081,-0.00260212048069058
0.500031378890294,-0.160296002397371,0.153707725252571,0.000490554435275126,-0.0211255975297983,-0.0025901011444468
0.500040969198311,-0.160718814254823,0.153656163616407,0.000479515400844122,-0.0211405928725877,-0.00257808180820329
0.500050338725639,-0.16114192601913,0.153604842366967,0.000468476366415338,-0.0211555882153788,-0.00256606247195951
0.500059487472279,-0.161565337690293,0.153553761504253,0.000457437331984334,-0.0211705835581691,-0.002554043135716
0.50006841543823,-0.161989049268313,0.153502921028264,0.00044639829755444,-0.0211855789009599,-0.00254202379947194
0.500077122623492,-0.162413060753188,0.153452320938999,0.000435359263123436,-0.0212005742437499,-0.00253000446322843
0.500085609028066,-0.162837372144919,0.153401961236459,0.000424320228694652,-0.0212155695865407,-0.00251798512698465
0.500093874651952,-0.163261983443505,0.153351841920644,0.000413281194262538,-0.0212305649293296,-0.00250596579074086
0.500101919495148,-0.163686894648948,0.153301962991555,0.000402242159833754,-0.0212455602721198,-0.00249394645449735
0.500109743557656,-0.164112105761246,0.153252324449189,0.00039120312540275,-0.0212605556149098,-0.00248192711825385
0.500117346839476,-0.1645376167804,0.153202926293549,0.000380164090972857,-0.0212755509577006,-0.00246990778201006
0.500124729340607,-0.16496342770641,0.153153768524634,0.000369125056541852,-0.0212905463004906,-0.00245788844576628
0.500131891061049,-0.165389538539275,0.153104851142443,0.000358086022113069,-0.0213055416432814,-0.00244586910952277
0.500138832000802,-0.165815949278997,0.153056174146978,0.000347046987683175,-0.0213205369860717,-0.00243384977327871
0.500145552159868,-0.166242659925574,0.153007737538237,0.000336007953252171,-0.0213355323288617,-0.0024218304370352
0.500152051538244,-0.166669670479007,0.152959541316221,0.000324968918822277,-0.0213505276716511,-0.00240981110079141
0.500158330135932,-0.167096980939296,0.15291158548093,0.000313929884392383,-0.0213655230144413,-0.00239779176454791
0.500164387952931,-0.16752459130644,0.152863870032364,0.000302890849961379,-0.0213805183572313,-0.00238577242830385
0.500170224989242,-0.167952501580441,0.152816394970523,0.000291851815530375,-0.0213955137000219,-0.00237375309206034
0.500175841244864,-0.168380711761297,0.152769160295407,0.000280812781101591,-0.0214105090428124,-0.00236173375581628
0.500181236719797,-0.168809221849009,0.152722166007015,0.000269773746671698,-0.0214255043856032,-0.00234971441957277
0.500186411414042,-0.169238031843577,0.152675412105349,0.000258734712240694,-0.0214404997283932,-0.00233769508332898
0.500191365327598,-0.169667141745001,0.152628898590407,0.0002476956778108,-0.0214554950711837,-0.00232567574708575
0.500196098460466,-0.17009655155328,0.15258262546219,0.000236656643382016,-0.0214704904139731,-0.00231365641084169
0.500200610812645,-0.170526261268415,0.152536592720698,0.000225617608951012,-0.0214854857567631,-0.00230163707459818
0.500204902384135,-0.170956270890406,0.152490800365931,0.000214578574520008,-0.0215004810995531,-0.0022896177383544
0.500208973174937,-0.171386580419253,0.152445248397889,0.000203539540091224,-0.0215154764423436,-0.00227759840211061
0.50021282318505,-0.171817189854956,0.152399936816572,0.00019250050566022,-0.0215304717851339,-0.00226557906586683
0.500216452414475,-0.172248099197514,0.152354865621979,0.000181461471229216,-0.0215454671279247,-0.00225355972962332
0.500219860863211,-0.172679308446929,0.152310034814112,0.000170422436799322,-0.021560462470715,-0.00224154039337954
0.500223048531258,-0.173110817603199,0.152265444392969,0.000159383402369428,-0.021575457813505,-0.00222952105713603
0.500226015418617,-0.173542626666325,0.152221094358551,0.000148344367939535,-0.0215904531562947,-0.00221750172089197
0.500228761525287,-0.173974735636306,0.152176984710858,0.000137305333509641,-0.0216054484990846,-0.00220548238464818
0.500231286851269,-0.174407144513144,0.15213311544989,0.000126266299079747,-0.0216204438418749,-0.0021934630484044
0.500233591396562,-0.174839853296837,0.152089486575647,0.000115227264648743,-0.0216354391846652,-0.00218144371216117
0.500235675161166,-0.175272861987386,0.152046098088128,0.000104188230218849,-0.0216504345274557,-0.00216942437591711
0.500237538145082,-0.175706170584791,0.152002949987335,9.3149195787845e-05,-0.0216654298702462,-0.00215740503967388
0.500239180348309,-0.176139779089052,0.151960042273266,8.21101613590614e-05,-0.0216804252130365,-0.00214538570343009
0.500240601770848,-0.176573687500169,0.151917374945923,7.10711269280573e-05,-0.0216954205558267,-0.00213336636718658
0.500241802412698,-0.177007895818141,0.151874948005304,6.00320924981634e-05,-0.0217104158986162,-0.00212134703094224
0.500242782273859,-0.177442404042969,0.15183276145141,4.89930580682696e-05,-0.0217254112414061,-0.00210932769469901
0.500243541354332,-0.177877212174653,0.151790815284241,3.79540236372655e-05,-0.0217404065841967,-0.00209730835845523
0.500244079654116,-0.178312320213193,0.151749109503796,2.69149892073717e-05,-0.0217554019269867,-0.00208528902221145
0.500244397173211,-0.178747728158588,0.151707644110077,1.58759547774778e-05,-0.0217703972697766,-0.00207326968596766
0.500244493911618,-0.17918343601084,0.151666419103083,4.83692034758398e-06,-0.021785392612568,-0.00206125034972443
0.500244369869337,-0.179619443769947,0.151625434482813,-6.20211408342008e-06,-0.0218003879553583,-0.00204923101348009
0.500244025046366,-0.18005575143591,0.151584690249268,-1.72411485122037e-05,-0.0218153832981485,-0.00203721167723658
0.500243459442708,-0.180492359008728,0.151544186402448,-2.8280182944318e-05,-0.0218303786409382,-0.00202519234099308
0.50024267305836,-0.180929266488403,0.151503922942353,-3.93192173742118e-05,-0.0218453739837285,-0.00201317300474901
0.500241665893324,-0.181366473874933,0.151463899868983,-5.03582518041057e-05,-0.0218603693265182,-0.00200115366850523
0.500240437947599,-0.18180398116832,0.151424117182338,-6.13972862339995e-05,-0.0218753646693082,-0.00198913433226172
0.500238989221186,-0.182241788368562,0.151384574882418,-7.24363206650036e-05,-0.0218903600120982,-0.00197711499601794
0.500237319714084,-0.182679895475659,0.151345272969222,-8.34753550937872e-05,-0.0219053553548895,-0.00196509565977415
0.500235429426294,-0.183118302489613,0.151306211442752,-9.45143895247913e-05,-0.0219203506976798,-0.00195307632353092
0.500233318357815,-0.183557009410422,0.151267390303006,-0.000105553423954685,-0.02193534604047,-0.00194105698728714
0.500230986508647,-0.183996016238088,0.151228809549985,-0.000116592458384579,-0.0219503413832597,-0.00192903765104335
0.500228433878791,-0.184435322972609,0.151190469183689,-0.000127631492814473,-0.0219653367260503,-0.00191701831479957
0.500225660468246,-0.184874929613985,0.151152369204118,-0.000138670527244367,-0.02198033206884,-0.00190499897855578
0.500222666277012,-0.185314836162218,0.151114509611272,-0.000149709561674261,-0.0219953274116297,-0.00189297964231228
0.50021945130509,-0.185755042617306,0.15107689040515,-0.000160748596105265,-0.0220103227544202,-0.00188096030606849
0.500216015552479,-0.18619554897925,0.151039511585754,-0.000171787630535158,-0.0220253180972116,-0.00186894096982471
0.50021235901918,-0.186636355248051,0.151002373153082,-0.000182826664965052,-0.0220403134400013,-0.00185692163358092
0.500208481705192,-0.187077461423706,0.150965475107135,-0.000193865699397167,-0.0220553087827913,-0.00184490229733769
0.500204383610516,-0.187518867506218,0.150928817447914,-0.00020490473382595,-0.0220703041255815,-0.00183288296109335
0.50020006473515,-0.187960573495585,0.150892400175417,-0.000215943768255844,-0.0220852994683712,-0.00182086362484984
0.500195525079097,-0.188402579391809,0.150856223289644,-0.000226982802686848,-0.0221002948111612,-0.00180884428860606
0.500190764642354,-0.188844885194888,0.150820286790597,-0.000238021837116742,-0.0221152901539517,-0.00179682495236255
0.500185783424923,-0.189287490904823,0.150784590678275,-0.000249060871545526,-0.022130285496742,-0.00178480561611849
0.500180581426804,-0.189730396521613,0.150749134952677,-0.00026009990597764,-0.0221452808395323,-0.00177278627987526
0.500175158647996,-0.19017360204526,0.150713919613805,-0.000271138940407534,-0.0221602761823231,-0.00176076694363148
0.500169515088499,-0.190617107475762,0.150678944661657,-0.000282177974837428,-0.0221752715251131,-0.00174874760738797
0.500163650748314,-0.19106091281312,0.150644210096234,-0.000293217009268432,-0.0221902668679028,-0.00173672827114418
0.50015756562744,-0.191505018057334,0.150609715917536,-0.000304256043698325,-0.0222052622106933,-0.00172470893490012
0.500151259725877,-0.191949423208403,0.150575462125563,-0.000315295078127109,-0.0222202575534838,-0.00171268959865661
0.500144733043626,-0.192394128266329,0.150541448720315,-0.000326334112558113,-0.0222352528962735,-0.00170067026241283
0.500137985580686,-0.19283913323111,0.150507675701791,-0.000337373146988007,-0.0222502482390635,-0.00168865092616904
0.500131017337058,-0.193284438102747,0.150474143069993,-0.000348412181417901,-0.0222652435818535,-0.00167663158992526
0.500123828312741,-0.19373004288124,0.150440850824919,-0.000359451215848905,-0.0222802389246449,-0.00166461225368175
0.500116418507735,-0.194175947566589,0.15040779896657,-0.000370490250278799,-0.0222952342674348,-0.00165259291743797
0.500108787922041,-0.194622152158793,0.150374987494946,-0.000381529284708693,-0.0223102296102246,-0.00164057358119446
0.500100936555658,-0.195068656657854,0.150342416410047,-0.000392568319138586,-0.0223252249530151,-0.00162855424495068
0.500092864408587,-0.19551546106377,0.150310085711873,-0.000403607353569591,-0.0223402202958056,-0.00161653490870717
0.500084571480827,-0.195962565376542,0.150277995400424,-0.000414646387999484,-0.0223552156385945,-0.00160451557246338
0.500076057772378,-0.196409969596169,0.1502461454757,-0.000425685422429378,-0.022370210981385,-0.0015924962362196
0.500067323283241,-0.196857673722653,0.1502145359377,-0.000436724456859272,-0.0223852063241753,-0.00158047689997554
0.500058368013416,-0.197305677755992,0.150183166786425,-0.000447763491290276,-0.0224002016669664,-0.00156845756373231
0.500049191962901,-0.197753981696187,0.150152038021876,-0.00045880252571906,-0.0224151970097566,-0.00155643822748852
0.500039795131698,-0.198202585543238,0.150121149644051,-0.000469841560150064,-0.0224301923525463,-0.00154441889124474
0.500030177519806,-0.198651489297145,0.150090501652951,-0.000480880594581068,-0.0224451876953363,-0.00153239955500095
0.500020339127226,-0.199100692957908,0.150060094048576,-0.000491919629010962,-0.0224601830381271,-0.00152038021875744
0.500010279953957,-0.199550196525526,0.150029926830925,-0.000497439146225631,-0.022467680709521,-0.00151437055063534
0.5,-0.2,0.15,-0.000502958663441596,-0.0224751783809161,-0.00150836088251329
